time,open_bid,high_bid,low_bid,close_bid,open_ask,high_ask,low_ask,close_ask,volume
2026-07-02 23:40:00,7469.4,7469.4,7469.4,7469.4,7470.9,7470.9,7470.9,7470.9,1
2026-07-02 23:41:00,7469.5,7469.7,7469.5,7469.5,7471.0,7471.2,7471.0,7471.0,3
2026-07-02 23:42:00,7469.4,7469.4,7469.1,7469.1,7470.9,7470.9,7470.6,7470.6,2
2026-07-02 23:43:00,7470.0,7471.9,7470.0,7471.9,7471.5,7473.4,7471.5,7473.4,9
2026-07-02 23:44:00,7472.0,7472.0,7471.9,7472.0,7473.5,7473.5,7473.4,7473.5,3
2026-07-02 23:46:00,7471.7,7471.7,7471.7,7471.7,7473.2,7473.2,7473.2,7473.2,1
2026-07-02 23:49:00,7472.0,7472.0,7472.0,7472.0,7473.5,7473.5,7473.5,7473.5,1
2026-07-02 23:50:00,7472.1,7472.9,7472.0,7472.8,7473.6,7474.4,7473.5,7474.3,6
2026-07-02 23:51:00,7472.6,7472.9,7472.6,7472.9,7474.1,7474.4,7474.1,7474.4,3
2026-07-02 23:52:00,7473.0,7473.1,7472.8,7472.9,7474.5,7474.6,7474.3,7474.4,4
2026-07-02 23:53:00,7472.8,7472.8,7472.7,7472.7,7474.3,7474.3,7474.2,7474.2,2
2026-07-02 23:55:00,7472.9,7473.1,7472.7,7473.0,7474.4,7474.6,7474.2,7474.5,4
2026-07-02 23:56:00,7472.9,7473.0,7472.7,7473.0,7474.4,7474.5,7474.2,7474.5,4
2026-07-02 23:57:00,7472.8,7472.8,7472.4,7472.6,7474.3,7474.3,7473.9,7474.1,4
2026-07-02 23:58:00,7472.3,7472.6,7472.3,7472.6,7473.8,7474.1,7473.8,7474.1,4
2026-07-02 23:59:00,7472.5,7472.7,7472.1,7472.6,7474.0,7474.2,7473.6,7474.1,11
2026-07-03 00:00:00,7473.0,7475.5,7472.0,7473.2,7473.6,7476.1,7472.6,7473.8,70
2026-07-03 00:01:00,7473.1,7473.5,7471.8,7472.5,7473.7,7474.1,7472.4,7473.1,67
2026-07-03 00:02:00,7472.3,7474.1,7472.3,7473.8,7472.9,7474.7,7472.9,7474.4,31
2026-07-03 00:03:00,7473.7,7474.8,7473.7,7474.7,7474.3,7475.4,7474.3,7475.3,46
2026-07-03 00:04:00,7474.2,7474.2,7472.4,7473.9,7474.8,7474.8,7473.0,7474.5,48
2026-07-03 00:05:00,7473.3,7474.7,7471.5,7474.0,7473.9,7475.3,7472.1,7474.6,74
2026-07-03 00:06:00,7474.3,7475.5,7474.0,7474.8,7474.9,7476.1,7474.6,7475.4,55
2026-07-03 00:07:00,7475.1,7476.0,7475.1,7476.0,7475.7,7476.6,7475.7,7476.6,23
2026-07-03 00:08:00,7475.9,7476.0,7475.6,7475.8,7476.5,7476.6,7476.2,7476.4,20
2026-07-03 00:09:00,7475.7,7476.2,7475.6,7475.7,7476.3,7476.8,7476.2,7476.3,20
2026-07-03 00:10:00,7475.5,7476.2,7475.4,7476.2,7476.1,7476.8,7476.0,7476.8,23
2026-07-03 00:11:00,7476.5,7476.5,7475.7,7475.8,7477.1,7477.1,7476.3,7476.4,15
2026-07-03 00:12:00,7475.9,7476.0,7475.0,7475.3,7476.5,7476.6,7475.6,7475.9,27
2026-07-03 00:13:00,7475.0,7476.0,7475.0,7475.2,7475.6,7476.6,7475.6,7475.8,14
2026-07-03 00:14:00,7475.1,7475.8,7475.0,7475.6,7475.7,7476.4,7475.6,7476.2,10
2026-07-03 00:15:00,7475.8,7477.0,7475.7,7476.9,7476.4,7477.6,7476.3,7477.5,32
2026-07-03 00:16:00,7476.7,7477.6,7476.7,7477.1,7477.3,7478.2,7477.3,7477.7,31
2026-07-03 00:17:00,7477.0,7477.5,7476.9,7477.5,7477.6,7478.1,7477.5,7478.1,15
2026-07-03 00:18:00,7477.4,7477.7,7476.6,7476.9,7478.0,7478.3,7477.2,7477.5,17
2026-07-03 00:19:00,7476.8,7477.2,7476.7,7476.8,7477.4,7477.8,7477.3,7477.4,18
2026-07-03 00:20:00,7476.7,7476.9,7476.4,7476.7,7477.3,7477.5,7477.0,7477.3,27
2026-07-03 00:21:00,7476.6,7477.1,7476.0,7477.0,7477.2,7477.7,7476.6,7477.6,25
2026-07-03 00:22:00,7477.1,7477.6,7476.9,7477.6,7477.7,7478.2,7477.5,7478.2,22
2026-07-03 00:23:00,7477.5,7478.2,7477.4,7478.0,7478.1,7478.8,7478.0,7478.6,22
2026-07-03 00:24:00,7478.2,7478.5,7477.5,7477.9,7478.8,7479.1,7478.1,7478.5,18
2026-07-03 00:25:00,7477.8,7477.8,7477.0,7477.4,7478.4,7478.4,7477.6,7478.0,29
2026-07-03 00:26:00,7477.6,7477.6,7476.9,7477.1,7478.2,7478.2,7477.5,7477.7,31
2026-07-03 00:27:00,7477.4,7477.8,7476.9,7477.5,7478.0,7478.4,7477.5,7478.1,15
2026-07-03 00:28:00,7477.6,7478.1,7477.2,7477.7,7478.2,7478.7,7477.8,7478.3,13
2026-07-03 00:29:00,7477.5,7477.6,7475.5,7476.1,7478.1,7478.2,7476.1,7476.7,29
2026-07-03 00:30:00,7476.2,7476.2,7474.1,7474.3,7476.8,7476.8,7474.7,7474.9,56
2026-07-03 00:31:00,7474.1,7475.4,7474.1,7475.1,7474.7,7476.0,7474.7,7475.7,35
2026-07-03 00:32:00,7474.9,7475.2,7474.8,7475.2,7475.5,7475.8,7475.4,7475.8,11
2026-07-03 00:33:00,7474.9,7475.9,7474.7,7475.9,7475.5,7476.5,7475.3,7476.5,27
2026-07-03 00:34:00,7476.1,7478.4,7476.1,7478.3,7476.7,7479.0,7476.7,7478.9,37
2026-07-03 00:35:00,7478.4,7478.5,7477.6,7478.5,7479.0,7479.1,7478.2,7479.1,31
2026-07-03 00:36:00,7478.6,7480.1,7478.5,7479.9,7479.2,7480.7,7479.1,7480.5,31
2026-07-03 00:37:00,7479.8,7480.3,7479.3,7480.3,7480.4,7480.9,7479.9,7480.9,36
2026-07-03 00:38:00,7480.4,7481.0,7480.2,7480.9,7481.0,7481.6,7480.8,7481.5,30
2026-07-03 00:39:00,7481.2,7481.7,7480.7,7481.4,7481.8,7482.3,7481.3,7482.0,30
2026-07-03 00:40:00,7481.3,7481.5,7480.9,7481.4,7481.9,7482.1,7481.5,7482.0,31
2026-07-03 00:41:00,7481.3,7481.5,7481.0,7481.3,7481.9,7482.1,7481.6,7481.9,32
2026-07-03 00:42:00,7481.1,7481.4,7480.6,7481.3,7481.7,7482.0,7481.2,7481.9,25
2026-07-03 00:43:00,7481.4,7482.0,7481.1,7481.9,7482.0,7482.6,7481.7,7482.5,18
2026-07-03 00:44:00,7481.8,7482.4,7481.8,7482.3,7482.4,7483.0,7482.4,7482.9,27
2026-07-03 00:45:00,7482.2,7482.3,7481.8,7481.9,7482.8,7482.9,7482.4,7482.5,25
2026-07-03 00:46:00,7481.8,7481.8,7481.2,7481.2,7482.4,7482.4,7481.8,7481.8,19
2026-07-03 00:47:00,7481.4,7481.4,7480.5,7480.8,7482.0,7482.0,7481.1,7481.4,25
2026-07-03 00:48:00,7480.7,7481.2,7480.5,7480.8,7481.3,7481.8,7481.1,7481.4,27
2026-07-03 00:49:00,7481.0,7481.1,7480.6,7480.7,7481.6,7481.7,7481.2,7481.3,13
2026-07-03 00:50:00,7480.4,7480.4,7479.7,7479.9,7481.0,7481.0,7480.3,7480.5,22
2026-07-03 00:51:00,7479.6,7480.1,7479.6,7479.6,7480.2,7480.7,7480.2,7480.2,11
2026-07-03 00:52:00,7479.5,7480.1,7479.4,7479.5,7480.1,7480.7,7480.0,7480.1,17
2026-07-03 00:53:00,7479.4,7479.7,7479.2,7479.5,7480.0,7480.3,7479.8,7480.1,16
2026-07-03 00:54:00,7479.7,7480.5,7479.5,7480.5,7480.3,7481.1,7480.1,7481.1,22
2026-07-03 00:55:00,7480.6,7481.7,7480.6,7481.5,7481.2,7482.3,7481.2,7482.1,30
2026-07-03 00:56:00,7481.6,7482.3,7481.5,7481.5,7482.2,7482.9,7482.1,7482.1,32
2026-07-03 00:57:00,7481.2,7482.2,7481.1,7482.0,7481.8,7482.8,7481.7,7482.6,24
2026-07-03 00:58:00,7481.7,7482.0,7481.5,7482.0,7482.3,7482.6,7482.1,7482.6,21
2026-07-03 00:59:00,7481.9,7482.9,7481.9,7482.3,7482.5,7483.5,7482.5,7482.9,31
2026-07-03 01:00:00,7482.2,7482.6,7481.5,7481.9,7482.8,7483.2,7482.1,7482.5,44
2026-07-03 01:01:00,7481.8,7482.4,7481.8,7482.0,7482.4,7483.0,7482.4,7482.6,17
2026-07-03 01:02:00,7481.8,7481.9,7481.0,7481.4,7482.4,7482.5,7481.6,7482.0,36
2026-07-03 01:03:00,7481.3,7481.4,7480.8,7481.0,7481.9,7482.0,7481.4,7481.6,36
2026-07-03 01:04:00,7480.9,7481.1,7480.2,7480.4,7481.5,7481.7,7480.8,7481.0,36
2026-07-03 01:05:00,7480.5,7481.2,7480.3,7481.2,7481.1,7481.8,7480.9,7481.8,38
2026-07-03 01:06:00,7481.3,7481.4,7480.0,7480.0,7481.9,7482.0,7480.6,7480.6,34
2026-07-03 01:07:00,7480.1,7480.1,7478.9,7479.8,7480.7,7480.7,7479.5,7480.4,39
2026-07-03 01:08:00,7479.5,7480.6,7479.5,7480.6,7480.1,7481.2,7480.1,7481.2,19
2026-07-03 01:09:00,7480.3,7480.7,7478.7,7479.2,7480.9,7481.3,7479.3,7479.8,45
2026-07-03 01:10:00,7479.1,7479.8,7478.8,7478.9,7479.7,7480.4,7479.4,7479.5,31
2026-07-03 01:11:00,7478.8,7479.3,7478.0,7478.0,7479.4,7479.9,7478.6,7478.6,29
2026-07-03 01:12:00,7478.2,7478.7,7477.7,7477.9,7478.8,7479.3,7478.3,7478.5,49
2026-07-03 01:13:00,7478.0,7478.0,7476.2,7476.6,7478.6,7478.6,7476.8,7477.2,69
2026-07-03 01:14:00,7476.8,7477.1,7476.0,7476.2,7477.4,7477.7,7476.6,7476.8,33
2026-07-03 01:15:00,7476.5,7477.1,7476.2,7477.1,7477.1,7477.7,7476.8,7477.7,37
2026-07-03 01:16:00,7476.9,7478.9,7476.6,7478.6,7477.5,7479.5,7477.2,7479.2,39
2026-07-03 01:17:00,7478.5,7478.9,7477.6,7477.8,7479.1,7479.5,7478.2,7478.4,35
2026-07-03 01:18:00,7477.9,7478.4,7477.7,7478.2,7478.5,7479.0,7478.3,7478.8,28
2026-07-03 01:19:00,7478.4,7478.4,7476.4,7477.1,7479.0,7479.0,7477.0,7477.7,44
2026-07-03 01:20:00,7477.2,7478.0,7476.7,7477.7,7477.8,7478.6,7477.3,7478.3,29
2026-07-03 01:21:00,7477.9,7478.7,7477.6,7478.5,7478.5,7479.3,7478.2,7479.1,42
2026-07-03 01:22:00,7478.3,7481.2,7478.1,7481.0,7478.9,7481.8,7478.7,7481.6,53
2026-07-03 01:23:00,7480.9,7481.5,7480.5,7481.0,7481.5,7482.1,7481.1,7481.6,57
2026-07-03 01:24:00,7481.1,7483.0,7481.1,7482.7,7481.7,7483.6,7481.7,7483.3,52
2026-07-03 01:25:00,7482.6,7483.6,7482.3,7483.1,7483.2,7484.2,7482.9,7483.7,37
2026-07-03 01:26:00,7482.9,7484.1,7482.2,7483.8,7483.5,7484.7,7482.8,7484.4,52
2026-07-03 01:27:00,7483.6,7483.6,7483.1,7483.3,7484.2,7484.2,7483.7,7483.9,20
2026-07-03 01:28:00,7483.5,7484.1,7483.0,7483.2,7484.1,7484.7,7483.6,7483.8,31
2026-07-03 01:29:00,7483.5,7483.7,7483.0,7483.3,7484.1,7484.3,7483.6,7483.9,24
2026-07-03 01:30:00,7482.8,7483.3,7481.6,7482.4,7483.4,7483.9,7482.2,7483.0,55
2026-07-03 01:31:00,7482.2,7482.4,7481.7,7482.4,7482.8,7483.0,7482.3,7483.0,37
2026-07-03 01:32:00,7482.5,7483.5,7482.5,7483.4,7483.1,7484.1,7483.1,7484.0,34
2026-07-03 01:33:00,7483.3,7483.6,7482.7,7483.3,7483.9,7484.2,7483.3,7483.9,42
2026-07-03 01:34:00,7483.4,7485.0,7483.1,7484.5,7484.0,7485.6,7483.7,7485.1,44
2026-07-03 01:35:00,7484.4,7485.0,7483.7,7484.4,7485.0,7485.6,7484.3,7485.0,51
2026-07-03 01:36:00,7484.2,7484.9,7484.0,7484.0,7484.8,7485.5,7484.6,7484.6,30
2026-07-03 01:37:00,7484.1,7484.5,7483.9,7484.5,7484.7,7485.1,7484.5,7485.1,22
2026-07-03 01:38:00,7484.6,7484.6,7483.6,7483.6,7485.2,7485.2,7484.2,7484.2,20
2026-07-03 01:39:00,7483.4,7483.4,7481.3,7482.5,7484.0,7484.0,7481.9,7483.1,57
2026-07-03 01:40:00,7482.3,7482.9,7481.5,7482.7,7482.9,7483.5,7482.1,7483.3,43
2026-07-03 01:41:00,7482.9,7483.4,7481.0,7481.4,7483.5,7484.0,7481.6,7482.0,39
2026-07-03 01:42:00,7481.2,7481.9,7480.9,7481.2,7481.8,7482.5,7481.5,7481.8,47
2026-07-03 01:43:00,7481.0,7482.0,7480.7,7481.8,7481.6,7482.6,7481.3,7482.4,36
2026-07-03 01:44:00,7482.0,7482.0,7480.3,7480.5,7482.6,7482.6,7480.9,7481.1,39
2026-07-03 01:45:00,7480.4,7482.9,7479.9,7482.4,7481.0,7483.5,7480.5,7483.0,101
2026-07-03 01:46:00,7482.5,7484.5,7482.5,7482.7,7483.1,7485.1,7483.1,7483.3,83
2026-07-03 01:47:00,7482.3,7483.7,7482.0,7483.0,7482.9,7484.3,7482.6,7483.6,73
2026-07-03 01:48:00,7483.2,7483.6,7482.0,7483.1,7483.8,7484.2,7482.6,7483.7,72
2026-07-03 01:49:00,7483.2,7484.0,7482.8,7483.6,7483.8,7484.6,7483.4,7484.2,68
2026-07-03 01:50:00,7483.5,7484.3,7482.8,7483.7,7484.1,7484.9,7483.4,7484.3,75
2026-07-03 01:51:00,7483.6,7484.4,7483.1,7483.8,7484.2,7485.0,7483.7,7484.4,63
2026-07-03 01:52:00,7483.9,7484.5,7483.4,7484.1,7484.5,7485.1,7484.0,7484.7,58
2026-07-03 01:53:00,7484.0,7484.3,7482.6,7482.8,7484.6,7484.9,7483.2,7483.4,65
2026-07-03 01:54:00,7483.1,7484.1,7481.3,7483.7,7483.7,7484.7,7481.9,7484.3,64
2026-07-03 01:55:00,7483.4,7483.4,7482.3,7483.1,7484.0,7484.0,7482.9,7483.7,64
2026-07-03 01:56:00,7483.2,7483.6,7482.7,7483.0,7483.8,7484.2,7483.3,7483.6,64
2026-07-03 01:57:00,7483.1,7483.7,7482.7,7483.0,7483.7,7484.3,7483.3,7483.6,60
2026-07-03 01:58:00,7482.7,7483.7,7482.5,7483.6,7483.3,7484.3,7483.1,7484.2,39
2026-07-03 01:59:00,7483.7,7483.8,7483.1,7483.6,7484.3,7484.4,7483.7,7484.2,69
2026-07-03 02:00:00,7482.6,7487.5,7482.2,7485.3,7483.2,7488.1,7482.8,7485.9,131
2026-07-03 02:01:00,7485.2,7485.8,7479.0,7479.4,7485.8,7486.4,7479.6,7480.0,138
2026-07-03 02:02:00,7479.7,7480.2,7477.5,7478.8,7480.3,7480.8,7478.1,7479.4,123
2026-07-03 02:03:00,7478.9,7482.0,7478.3,7481.9,7479.5,7482.6,7478.9,7482.5,126
2026-07-03 02:04:00,7481.7,7482.1,7480.4,7480.9,7482.3,7482.7,7481.0,7481.5,136
2026-07-03 02:05:00,7481.0,7481.9,7479.8,7481.2,7481.6,7482.5,7480.4,7481.8,133
2026-07-03 02:06:00,7481.0,7482.6,7477.7,7480.3,7481.6,7483.2,7478.3,7480.9,132
2026-07-03 02:07:00,7480.0,7480.0,7477.1,7478.2,7480.6,7480.6,7477.7,7478.8,121
2026-07-03 02:08:00,7478.0,7478.7,7476.8,7477.6,7478.6,7479.3,7477.4,7478.2,112
2026-07-03 02:09:00,7477.7,7477.8,7475.8,7475.8,7478.3,7478.4,7476.4,7476.4,99
2026-07-03 02:10:00,7475.6,7476.3,7474.2,7476.0,7476.2,7476.9,7474.8,7476.6,125
2026-07-03 02:11:00,7475.5,7477.4,7474.7,7477.1,7476.1,7478.0,7475.3,7477.7,114
2026-07-03 02:12:00,7477.0,7478.6,7476.5,7476.8,7477.6,7479.2,7477.1,7477.4,122
2026-07-03 02:13:00,7476.9,7484.0,7476.8,7483.6,7477.5,7484.6,7477.4,7484.2,128
2026-07-03 02:14:00,7483.4,7484.3,7482.5,7484.2,7484.0,7484.9,7483.1,7484.8,124
2026-07-03 02:15:00,7484.1,7484.6,7480.0,7480.9,7484.7,7485.2,7480.6,7481.5,120
2026-07-03 02:16:00,7481.0,7482.5,7479.1,7481.0,7481.6,7483.1,7479.7,7481.6,132
2026-07-03 02:17:00,7481.1,7482.4,7479.4,7479.9,7481.7,7483.0,7480.0,7480.5,140
2026-07-03 02:18:00,7480.0,7481.0,7478.5,7479.3,7480.6,7481.6,7479.1,7479.9,129
2026-07-03 02:19:00,7479.4,7481.0,7479.0,7481.0,7480.0,7481.6,7479.6,7481.6,123
2026-07-03 02:20:00,7481.2,7482.2,7479.8,7481.6,7481.8,7482.8,7480.4,7482.2,103
2026-07-03 02:21:00,7481.5,7483.6,7480.8,7481.3,7482.1,7484.2,7481.4,7481.9,130
2026-07-03 02:22:00,7481.1,7482.3,7479.2,7479.8,7481.7,7482.9,7479.8,7480.4,98
2026-07-03 02:23:00,7480.0,7480.6,7479.1,7479.8,7480.6,7481.2,7479.7,7480.4,114
2026-07-03 02:24:00,7479.6,7480.4,7479.1,7480.1,7480.2,7481.0,7479.7,7480.7,112
2026-07-03 02:25:00,7480.3,7481.6,7478.3,7478.8,7480.9,7482.2,7478.9,7479.4,118
2026-07-03 02:26:00,7478.7,7479.4,7477.9,7478.9,7479.3,7480.0,7478.5,7479.5,115
2026-07-03 02:27:00,7479.2,7480.2,7477.0,7478.0,7479.8,7480.8,7477.6,7478.6,111
2026-07-03 02:28:00,7478.1,7479.9,7477.5,7478.4,7478.7,7480.5,7478.1,7479.0,95
2026-07-03 02:29:00,7478.0,7479.4,7477.4,7477.5,7478.6,7480.0,7478.0,7478.1,98
2026-07-03 02:30:00,7477.6,7478.0,7474.2,7474.7,7478.2,7478.6,7474.8,7475.3,112
2026-07-03 02:31:00,7475.0,7478.0,7474.2,7478.0,7475.6,7478.6,7474.8,7478.6,117
2026-07-03 02:32:00,7478.2,7478.2,7476.7,7476.8,7478.8,7478.8,7477.3,7477.4,111
2026-07-03 02:33:00,7476.7,7477.3,7475.5,7476.4,7477.3,7477.9,7476.1,7477.0,108
2026-07-03 02:34:00,7476.2,7477.7,7475.6,7475.8,7476.8,7478.3,7476.2,7476.4,106
2026-07-03 02:35:00,7475.9,7478.7,7475.2,7478.5,7476.5,7479.3,7475.8,7479.1,106
2026-07-03 02:36:00,7478.4,7480.1,7477.8,7480.1,7479.0,7480.7,7478.4,7480.7,111
2026-07-03 02:37:00,7479.8,7480.8,7478.3,7480.3,7480.4,7481.4,7478.9,7480.9,105
2026-07-03 02:38:00,7480.1,7483.8,7479.9,7480.4,7480.7,7484.4,7480.5,7481.0,100
2026-07-03 02:39:00,7480.3,7481.1,7479.3,7480.3,7480.9,7481.7,7479.9,7480.9,130
2026-07-03 02:40:00,7480.2,7481.5,7479.4,7480.5,7480.8,7482.1,7480.0,7481.1,112
2026-07-03 02:41:00,7480.7,7481.9,7480.3,7480.7,7481.3,7482.5,7480.9,7481.3,107
2026-07-03 02:42:00,7480.9,7481.4,7477.4,7478.7,7481.5,7482.0,7478.0,7479.3,119
2026-07-03 02:43:00,7478.9,7478.9,7477.1,7477.8,7479.5,7479.5,7477.7,7478.4,98
2026-07-03 02:44:00,7478.1,7479.6,7478.1,7478.2,7478.7,7480.2,7478.7,7478.8,101
2026-07-03 02:45:00,7478.4,7479.1,7476.6,7477.0,7479.0,7479.7,7477.2,7477.6,122
2026-07-03 02:46:00,7477.2,7479.4,7476.1,7478.7,7477.8,7480.0,7476.7,7479.3,108
2026-07-03 02:47:00,7478.9,7479.7,7477.3,7478.8,7479.5,7480.3,7477.9,7479.4,102
2026-07-03 02:48:00,7478.7,7480.4,7478.1,7478.1,7479.3,7481.0,7478.7,7478.7,103
2026-07-03 02:49:00,7478.2,7479.4,7477.7,7479.2,7478.8,7480.0,7478.3,7479.8,94
2026-07-03 02:50:00,7479.1,7480.0,7478.6,7479.0,7479.7,7480.6,7479.2,7479.6,97
2026-07-03 02:51:00,7479.1,7479.3,7477.6,7479.0,7479.7,7479.9,7478.2,7479.6,100
2026-07-03 02:52:00,7479.2,7480.1,7477.6,7478.1,7479.8,7480.7,7478.2,7478.7,93
2026-07-03 02:53:00,7478.2,7478.6,7475.2,7476.3,7478.8,7479.2,7475.8,7476.9,90
2026-07-03 02:54:00,7476.5,7477.9,7476.5,7477.5,7477.1,7478.5,7477.1,7478.1,93
2026-07-03 02:55:00,7477.7,7478.3,7476.9,7477.0,7478.3,7478.9,7477.5,7477.6,109
2026-07-03 02:56:00,7476.9,7477.7,7475.6,7477.1,7477.5,7478.3,7476.2,7477.7,96
2026-07-03 02:57:00,7477.2,7477.9,7476.0,7476.0,7477.8,7478.5,7476.6,7476.6,85
2026-07-03 02:58:00,7476.3,7476.9,7474.7,7475.2,7476.9,7477.5,7475.3,7475.8,83
2026-07-03 02:59:00,7475.5,7477.3,7475.4,7476.7,7476.1,7477.9,7476.0,7477.3,91
2026-07-03 03:00:00,7477.0,7478.2,7475.9,7478.0,7477.6,7478.8,7476.5,7478.6,108
2026-07-03 03:01:00,7477.7,7478.7,7476.7,7477.6,7478.3,7479.3,7477.3,7478.2,102
2026-07-03 03:02:00,7477.7,7482.1,7477.7,7482.1,7478.3,7482.7,7478.3,7482.7,103
2026-07-03 03:03:00,7482.2,7485.9,7481.7,7485.9,7482.8,7486.5,7482.3,7486.5,105
2026-07-03 03:04:00,7485.8,7487.7,7485.3,7487.5,7486.4,7488.3,7485.9,7488.1,103
2026-07-03 03:05:00,7487.0,7494.0,7486.6,7494.0,7487.6,7494.6,7487.2,7494.6,112
2026-07-03 03:06:00,7493.8,7495.0,7492.2,7493.8,7494.4,7495.6,7492.8,7494.4,140
2026-07-03 03:07:00,7493.7,7495.8,7493.2,7495.2,7494.3,7496.4,7493.8,7495.8,141
2026-07-03 03:08:00,7494.9,7496.0,7494.5,7494.7,7495.5,7496.6,7495.1,7495.3,108
2026-07-03 03:09:00,7494.6,7496.5,7493.5,7494.5,7495.2,7497.1,7494.1,7495.1,111
2026-07-03 03:10:00,7494.6,7494.6,7492.7,7493.6,7495.2,7495.2,7493.3,7494.2,106
2026-07-03 03:11:00,7493.4,7495.2,7493.2,7494.2,7494.0,7495.8,7493.8,7494.8,108
2026-07-03 03:12:00,7494.3,7494.4,7492.3,7492.6,7494.9,7495.0,7492.9,7493.2,81
2026-07-03 03:13:00,7492.5,7493.5,7492.0,7493.1,7493.1,7494.1,7492.6,7493.7,100
2026-07-03 03:14:00,7492.9,7495.8,7492.9,7494.5,7493.5,7496.4,7493.5,7495.1,87
2026-07-03 03:15:00,7494.4,7495.9,7493.5,7494.1,7495.0,7496.5,7494.1,7494.7,114
2026-07-03 03:16:00,7493.8,7494.2,7491.4,7491.7,7494.4,7494.8,7492.0,7492.3,107
2026-07-03 03:17:00,7491.9,7492.6,7491.2,7492.4,7492.5,7493.2,7491.8,7493.0,86
2026-07-03 03:18:00,7492.5,7494.0,7491.8,7494.0,7493.1,7494.6,7492.4,7494.6,112
2026-07-03 03:19:00,7494.1,7495.8,7493.0,7493.7,7494.7,7496.4,7493.6,7494.3,86
2026-07-03 03:20:00,7494.1,7495.4,7493.7,7494.4,7494.7,7496.0,7494.3,7495.0,97
2026-07-03 03:21:00,7494.6,7496.4,7494.4,7496.2,7495.2,7497.0,7495.0,7496.8,78
2026-07-03 03:22:00,7496.0,7496.7,7495.3,7496.1,7496.6,7497.3,7495.9,7496.7,62
2026-07-03 03:23:00,7495.8,7496.2,7494.7,7495.3,7496.4,7496.8,7495.3,7495.9,75
2026-07-03 03:24:00,7495.5,7496.8,7494.9,7496.1,7496.1,7497.4,7495.5,7496.7,74
2026-07-03 03:25:00,7496.3,7496.8,7495.0,7495.2,7496.9,7497.4,7495.6,7495.8,86
2026-07-03 03:26:00,7495.0,7496.2,7495.0,7495.1,7495.6,7496.8,7495.6,7495.7,102
2026-07-03 03:27:00,7495.0,7496.3,7494.4,7495.5,7495.6,7496.9,7495.0,7496.1,85
2026-07-03 03:28:00,7495.8,7496.7,7495.5,7496.4,7496.4,7497.3,7496.1,7497.0,77
2026-07-03 03:29:00,7496.5,7496.5,7494.5,7494.5,7497.1,7497.1,7495.1,7495.1,74
2026-07-03 03:30:00,7494.6,7494.8,7492.7,7494.7,7495.2,7495.4,7493.3,7495.3,83
2026-07-03 03:31:00,7495.2,7496.4,7494.1,7494.9,7495.8,7497.0,7494.7,7495.5,95
2026-07-03 03:32:00,7495.0,7495.5,7494.0,7495.5,7495.6,7496.1,7494.6,7496.1,79
2026-07-03 03:33:00,7495.4,7496.5,7495.0,7495.4,7496.0,7497.1,7495.6,7496.0,77
2026-07-03 03:34:00,7495.3,7496.4,7494.7,7496.4,7495.9,7497.0,7495.3,7497.0,86
2026-07-03 03:35:00,7496.7,7497.2,7495.0,7495.8,7497.3,7497.8,7495.6,7496.4,67
2026-07-03 03:36:00,7495.7,7495.8,7493.9,7494.2,7496.3,7496.4,7494.5,7494.8,88
2026-07-03 03:37:00,7494.3,7495.0,7493.9,7494.9,7494.9,7495.6,7494.5,7495.5,88
2026-07-03 03:38:00,7494.8,7495.5,7493.8,7494.3,7495.4,7496.1,7494.4,7494.9,66
2026-07-03 03:39:00,7494.4,7495.8,7494.3,7495.8,7495.0,7496.4,7494.9,7496.4,66
2026-07-03 03:40:00,7496.0,7497.0,7495.8,7497.0,7496.6,7497.6,7496.4,7497.6,70
2026-07-03 03:41:00,7497.1,7497.9,7496.4,7497.1,7497.7,7498.5,7497.0,7497.7,69
2026-07-03 03:42:00,7497.0,7497.1,7495.5,7495.5,7497.6,7497.7,7496.1,7496.1,74
2026-07-03 03:43:00,7495.4,7496.6,7495.4,7496.6,7496.0,7497.2,7496.0,7497.2,57
2026-07-03 03:44:00,7496.5,7497.0,7496.3,7496.5,7497.1,7497.6,7496.9,7497.1,60
2026-07-03 03:45:00,7496.8,7496.8,7494.8,7495.4,7497.4,7497.4,7495.4,7496.0,63
2026-07-03 03:46:00,7495.5,7496.2,7495.4,7495.5,7496.1,7496.8,7496.0,7496.1,80
2026-07-03 03:47:00,7495.7,7496.1,7495.2,7495.6,7496.3,7496.7,7495.8,7496.2,70
2026-07-03 03:48:00,7495.9,7497.0,7495.7,7496.7,7496.5,7497.6,7496.3,7497.3,67
2026-07-03 03:49:00,7496.6,7497.2,7496.0,7496.2,7497.2,7497.8,7496.6,7496.8,80
2026-07-03 03:50:00,7496.3,7497.0,7495.7,7496.6,7496.9,7497.6,7496.3,7497.2,90
2026-07-03 03:51:00,7496.8,7496.8,7494.9,7494.9,7497.4,7497.4,7495.5,7495.5,58
2026-07-03 03:52:00,7494.8,7496.6,7494.4,7496.6,7495.4,7497.2,7495.0,7497.2,61
2026-07-03 03:53:00,7496.7,7496.9,7495.6,7496.4,7497.3,7497.5,7496.2,7497.0,64
2026-07-03 03:54:00,7496.2,7496.6,7495.9,7496.6,7496.8,7497.2,7496.5,7497.2,56
2026-07-03 03:55:00,7496.5,7497.1,7496.2,7496.2,7497.1,7497.7,7496.8,7496.8,42
2026-07-03 03:56:00,7496.1,7497.2,7495.7,7497.2,7496.7,7497.8,7496.3,7497.8,65
2026-07-03 03:57:00,7497.1,7497.5,7496.8,7497.3,7497.7,7498.1,7497.4,7497.9,22
2026-07-03 03:58:00,7497.5,7497.7,7496.6,7496.7,7498.1,7498.3,7497.2,7497.3,40
2026-07-03 03:59:00,7496.6,7497.1,7496.0,7496.5,7497.2,7497.7,7496.6,7497.1,42
2026-07-03 04:00:00,7496.7,7497.2,7496.4,7496.5,7497.3,7497.8,7497.0,7497.1,49
2026-07-03 04:01:00,7496.6,7497.4,7496.1,7497.2,7497.2,7498.0,7496.7,7497.8,59
2026-07-03 04:02:00,7497.3,7497.3,7496.6,7497.2,7497.9,7497.9,7497.2,7497.8,38
2026-07-03 04:03:00,7497.4,7497.6,7496.4,7497.4,7498.0,7498.2,7497.0,7498.0,37
2026-07-03 04:04:00,7497.7,7497.7,7496.7,7497.0,7498.3,7498.3,7497.3,7497.6,59
2026-07-03 04:05:00,7496.8,7499.0,7496.6,7497.5,7497.4,7499.6,7497.2,7498.1,69
2026-07-03 04:06:00,7497.4,7498.4,7497.3,7497.6,7498.0,7499.0,7497.9,7498.2,42
2026-07-03 04:07:00,7497.9,7498.4,7497.4,7497.6,7498.5,7499.0,7498.0,7498.2,37
2026-07-03 04:08:00,7497.5,7498.4,7497.4,7498.3,7498.1,7499.0,7498.0,7498.9,42
2026-07-03 04:09:00,7498.2,7499.2,7498.2,7498.9,7498.8,7499.8,7498.8,7499.5,28
2026-07-03 04:10:00,7499.0,7499.7,7497.1,7497.1,7499.6,7500.3,7497.7,7497.7,52
2026-07-03 04:11:00,7497.3,7498.0,7496.6,7496.8,7497.9,7498.6,7497.2,7497.4,63
2026-07-03 04:12:00,7496.5,7497.1,7496.0,7496.0,7497.1,7497.7,7496.6,7496.6,59
2026-07-03 04:13:00,7496.1,7496.9,7495.8,7495.9,7496.7,7497.5,7496.4,7496.5,61
2026-07-03 04:14:00,7496.2,7496.4,7495.7,7495.8,7496.8,7497.0,7496.3,7496.4,53
2026-07-03 04:15:00,7495.9,7496.3,7495.6,7495.9,7496.5,7496.9,7496.2,7496.5,45
2026-07-03 04:16:00,7495.8,7496.6,7495.6,7496.3,7496.4,7497.2,7496.2,7496.9,79
2026-07-03 04:17:00,7496.2,7497.8,7495.9,7497.7,7496.8,7498.4,7496.5,7498.3,62
2026-07-03 04:18:00,7497.8,7497.8,7496.9,7497.1,7498.4,7498.4,7497.5,7497.7,44
2026-07-03 04:19:00,7497.2,7497.3,7495.7,7496.0,7497.8,7497.9,7496.3,7496.6,55
2026-07-03 04:20:00,7495.7,7497.7,7495.6,7497.7,7496.3,7498.3,7496.2,7498.3,52
2026-07-03 04:21:00,7497.4,7497.8,7497.0,7497.8,7498.0,7498.4,7497.6,7498.4,38
2026-07-03 04:22:00,7497.5,7497.8,7497.3,7497.7,7498.1,7498.4,7497.9,7498.3,38
2026-07-03 04:23:00,7497.6,7498.2,7497.5,7497.8,7498.2,7498.8,7498.1,7498.4,25
2026-07-03 04:24:00,7497.7,7498.0,7497.5,7497.8,7498.3,7498.6,7498.1,7498.4,56
2026-07-03 04:25:00,7497.9,7499.1,7497.8,7498.6,7498.5,7499.7,7498.4,7499.2,63
2026-07-03 04:26:00,7498.7,7499.2,7498.1,7498.9,7499.3,7499.8,7498.7,7499.5,47
2026-07-03 04:27:00,7498.8,7498.9,7498.0,7498.4,7499.4,7499.5,7498.6,7499.0,53
2026-07-03 04:28:00,7498.5,7499.4,7498.5,7499.1,7499.1,7500.0,7499.1,7499.7,47
2026-07-03 04:29:00,7498.9,7499.6,7498.9,7499.3,7499.5,7500.2,7499.5,7499.9,33
2026-07-03 04:30:00,7499.5,7499.7,7498.1,7498.3,7500.1,7500.3,7498.7,7498.9,64
2026-07-03 04:31:00,7498.5,7499.1,7498.1,7498.8,7499.1,7499.7,7498.7,7499.4,57
2026-07-03 04:32:00,7498.6,7498.8,7497.9,7498.4,7499.2,7499.4,7498.5,7499.0,39
2026-07-03 04:33:00,7498.6,7499.5,7498.3,7498.4,7499.2,7500.1,7498.9,7499.0,48
2026-07-03 04:34:00,7498.7,7499.0,7498.1,7498.1,7499.3,7499.6,7498.7,7498.7,29
2026-07-03 04:35:00,7497.8,7497.8,7495.7,7495.7,7498.4,7498.4,7496.3,7496.3,55
2026-07-03 04:36:00,7495.8,7496.9,7495.7,7496.6,7496.4,7497.5,7496.3,7497.2,63
2026-07-03 04:37:00,7496.4,7497.0,7496.2,7496.6,7497.0,7497.6,7496.8,7497.2,49
2026-07-03 04:38:00,7496.7,7497.4,7496.6,7497.4,7497.3,7498.0,7497.2,7498.0,24
2026-07-03 04:39:00,7497.5,7497.7,7496.2,7496.5,7498.1,7498.3,7496.8,7497.1,51
2026-07-03 04:40:00,7496.6,7497.0,7495.9,7496.3,7497.2,7497.6,7496.5,7496.9,33
2026-07-03 04:41:00,7496.4,7497.0,7496.1,7496.8,7497.0,7497.6,7496.7,7497.4,33
2026-07-03 04:42:00,7496.5,7496.8,7495.8,7495.8,7497.1,7497.4,7496.4,7496.4,34
2026-07-03 04:43:00,7495.6,7495.9,7494.9,7495.2,7496.2,7496.5,7495.5,7495.8,30
2026-07-03 04:44:00,7495.4,7496.9,7495.4,7496.4,7496.0,7497.5,7496.0,7497.0,32
2026-07-03 04:45:00,7496.5,7497.8,7496.5,7497.1,7497.1,7498.4,7497.1,7497.7,32
2026-07-03 04:46:00,7497.3,7497.9,7497.1,7497.6,7497.9,7498.5,7497.7,7498.2,37
2026-07-03 04:47:00,7497.5,7499.1,7497.4,7498.9,7498.1,7499.7,7498.0,7499.5,21
2026-07-03 04:48:00,7499.0,7499.0,7498.1,7498.7,7499.6,7499.6,7498.7,7499.3,25
2026-07-03 04:49:00,7498.3,7499.2,7498.3,7499.2,7498.9,7499.8,7498.9,7499.8,31
2026-07-03 04:50:00,7499.3,7499.7,7497.9,7497.9,7499.9,7500.3,7498.5,7498.5,38
2026-07-03 04:51:00,7498.0,7498.9,7497.9,7498.8,7498.6,7499.5,7498.5,7499.4,27
2026-07-03 04:52:00,7498.9,7499.7,7498.7,7499.4,7499.5,7500.3,7499.3,7500.0,26
2026-07-03 04:53:00,7499.3,7499.3,7498.7,7499.2,7499.9,7499.9,7499.3,7499.8,35
2026-07-03 04:54:00,7499.1,7499.2,7498.0,7498.4,7499.7,7499.8,7498.6,7499.0,20
2026-07-03 04:55:00,7498.5,7498.9,7498.3,7498.8,7499.1,7499.5,7498.9,7499.4,41
2026-07-03 04:56:00,7498.9,7499.1,7497.9,7498.8,7499.5,7499.7,7498.5,7499.4,50
2026-07-03 04:57:00,7498.7,7499.2,7498.6,7499.1,7499.3,7499.8,7499.2,7499.7,48
2026-07-03 04:58:00,7499.2,7500.3,7499.1,7500.0,7499.8,7500.9,7499.7,7500.6,36
2026-07-03 04:59:00,7499.9,7500.4,7499.4,7499.4,7500.5,7501.0,7500.0,7500.0,39
2026-07-03 05:00:00,7499.1,7499.6,7498.4,7498.5,7499.7,7500.2,7499.0,7499.1,52
2026-07-03 05:01:00,7498.4,7499.0,7498.0,7498.7,7499.0,7499.6,7498.6,7499.3,47
2026-07-03 05:02:00,7498.4,7499.2,7498.2,7498.6,7499.0,7499.8,7498.8,7499.2,39
2026-07-03 05:03:00,7498.7,7498.9,7498.2,7498.7,7499.3,7499.5,7498.8,7499.3,32
2026-07-03 05:04:00,7498.6,7498.7,7498.2,7498.4,7499.2,7499.3,7498.8,7499.0,27
2026-07-03 05:05:00,7498.3,7498.6,7497.7,7498.6,7498.9,7499.2,7498.3,7499.2,32
2026-07-03 05:06:00,7498.7,7499.1,7497.6,7497.6,7499.3,7499.7,7498.2,7498.2,32
2026-07-03 05:07:00,7497.5,7497.6,7497.1,7497.1,7498.1,7498.2,7497.7,7497.7,28
2026-07-03 05:08:00,7497.4,7497.7,7496.9,7497.1,7498.0,7498.3,7497.5,7497.7,29
2026-07-03 05:09:00,7496.9,7497.6,7496.7,7497.4,7497.5,7498.2,7497.3,7498.0,47
2026-07-03 05:10:00,7497.5,7497.6,7496.2,7496.5,7498.1,7498.2,7496.8,7497.1,41
2026-07-03 05:11:00,7496.4,7496.9,7496.4,7496.4,7497.0,7497.5,7497.0,7497.0,18
2026-07-03 05:12:00,7496.5,7496.9,7496.4,7496.5,7497.1,7497.5,7497.0,7497.1,20
2026-07-03 05:13:00,7496.4,7497.4,7496.1,7497.1,7497.0,7498.0,7496.7,7497.7,33
2026-07-03 05:14:00,7497.4,7498.2,7497.1,7498.2,7498.0,7498.8,7497.7,7498.8,39
2026-07-03 05:15:00,7499.1,7499.7,7498.8,7499.5,7499.7,7500.3,7499.4,7500.1,26
2026-07-03 05:16:00,7499.6,7499.8,7499.1,7499.3,7500.2,7500.4,7499.7,7499.9,27
2026-07-03 05:17:00,7499.4,7499.6,7499.0,7499.5,7500.0,7500.2,7499.6,7500.1,14
2026-07-03 05:18:00,7499.6,7499.6,7499.1,7499.3,7500.2,7500.2,7499.7,7499.9,23
2026-07-03 05:19:00,7499.1,7499.3,7498.6,7498.7,7499.7,7499.9,7499.2,7499.3,15
2026-07-03 05:20:00,7498.6,7499.3,7498.6,7499.3,7499.2,7499.9,7499.2,7499.9,15
2026-07-03 05:21:00,7499.4,7499.5,7498.9,7499.2,7500.0,7500.1,7499.5,7499.8,36
2026-07-03 05:22:00,7499.1,7499.4,7498.9,7499.4,7499.7,7500.0,7499.5,7500.0,17
2026-07-03 05:23:00,7499.7,7499.7,7498.6,7498.6,7500.3,7500.3,7499.2,7499.2,19
2026-07-03 05:24:00,7498.9,7498.9,7498.1,7498.4,7499.5,7499.5,7498.7,7499.0,33
2026-07-03 05:25:00,7498.2,7498.8,7498.0,7498.2,7498.8,7499.4,7498.6,7498.8,15
2026-07-03 05:26:00,7497.9,7498.9,7497.7,7498.9,7498.5,7499.5,7498.3,7499.5,26
2026-07-03 05:27:00,7498.7,7499.7,7498.7,7499.7,7499.3,7500.3,7499.3,7500.3,16
2026-07-03 05:28:00,7499.8,7499.9,7499.5,7499.7,7500.4,7500.5,7500.1,7500.3,27
2026-07-03 05:29:00,7499.9,7500.8,7499.9,7500.8,7500.5,7501.4,7500.5,7501.4,37
2026-07-03 05:30:00,7500.9,7502.4,7500.7,7501.5,7501.5,7503.0,7501.3,7502.1,84
2026-07-03 05:31:00,7501.3,7502.0,7500.5,7500.5,7501.9,7502.6,7501.1,7501.1,67
2026-07-03 05:32:00,7500.3,7500.3,7499.5,7500.0,7500.9,7500.9,7500.1,7500.6,47
2026-07-03 05:33:00,7499.7,7500.2,7499.4,7499.7,7500.3,7500.8,7500.0,7500.3,46
2026-07-03 05:34:00,7499.4,7500.2,7498.9,7499.2,7500.0,7500.8,7499.5,7499.8,47
2026-07-03 05:35:00,7499.0,7499.8,7498.2,7498.2,7499.6,7500.4,7498.8,7498.8,53
2026-07-03 05:36:00,7498.5,7499.4,7498.2,7498.3,7499.1,7500.0,7498.8,7498.9,55
2026-07-03 05:37:00,7498.4,7498.7,7497.3,7497.6,7499.0,7499.3,7497.9,7498.2,59
2026-07-03 05:38:00,7497.5,7498.3,7497.3,7498.2,7498.1,7498.9,7497.9,7498.8,53
2026-07-03 05:39:00,7498.1,7498.1,7497.2,7497.2,7498.7,7498.7,7497.8,7497.8,27
2026-07-03 05:40:00,7497.0,7497.3,7495.9,7496.2,7497.6,7497.9,7496.5,7496.8,61
2026-07-03 05:41:00,7496.3,7496.8,7495.7,7495.7,7496.9,7497.4,7496.3,7496.3,30
2026-07-03 05:42:00,7495.8,7496.8,7495.7,7496.6,7496.4,7497.4,7496.3,7497.2,53
2026-07-03 05:43:00,7496.5,7496.8,7495.1,7495.1,7497.1,7497.4,7495.7,7495.7,43
2026-07-03 05:44:00,7495.2,7495.8,7494.9,7495.1,7495.8,7496.4,7495.5,7495.7,36
2026-07-03 05:45:00,7495.0,7496.0,7494.5,7495.5,7495.6,7496.6,7495.1,7496.1,62
2026-07-03 05:46:00,7495.7,7497.5,7495.4,7497.3,7496.3,7498.1,7496.0,7497.9,61
2026-07-03 05:47:00,7497.5,7498.6,7497.2,7498.6,7498.1,7499.2,7497.8,7499.2,47
2026-07-03 05:48:00,7498.8,7498.9,7498.2,7498.5,7499.4,7499.5,7498.8,7499.1,27
2026-07-03 05:49:00,7498.7,7498.9,7497.4,7498.7,7499.3,7499.5,7498.0,7499.3,48
2026-07-03 05:50:00,7498.9,7498.9,7497.6,7497.9,7499.5,7499.5,7498.2,7498.5,53
2026-07-03 05:51:00,7498.0,7498.9,7497.7,7498.7,7498.6,7499.5,7498.3,7499.3,62
2026-07-03 05:52:00,7499.0,7499.0,7498.7,7498.8,7499.6,7499.6,7499.3,7499.4,37
2026-07-03 05:53:00,7499.0,7499.0,7498.0,7498.5,7499.6,7499.6,7498.6,7499.1,45
2026-07-03 05:54:00,7498.4,7498.9,7498.0,7498.4,7499.0,7499.5,7498.6,7499.0,40
2026-07-03 05:55:00,7498.5,7499.4,7498.4,7499.4,7499.1,7500.0,7499.0,7500.0,18
2026-07-03 05:56:00,7499.5,7500.1,7499.4,7499.8,7500.1,7500.7,7500.0,7500.4,29
2026-07-03 05:57:00,7500.0,7501.0,7499.8,7500.8,7500.6,7501.6,7500.4,7501.4,37
2026-07-03 05:58:00,7500.9,7501.0,7500.3,7501.0,7501.5,7501.6,7500.9,7501.6,58
2026-07-03 05:59:00,7500.8,7501.5,7500.8,7501.0,7501.4,7502.1,7501.4,7501.6,34
2026-07-03 06:00:00,7501.3,7502.0,7501.0,7501.2,7501.9,7502.6,7501.6,7501.8,60
2026-07-03 06:01:00,7501.3,7502.0,7501.1,7501.7,7501.9,7502.6,7501.7,7502.3,44
2026-07-03 06:02:00,7501.6,7501.7,7500.3,7501.1,7502.2,7502.3,7500.9,7501.7,54
2026-07-03 06:03:00,7501.2,7501.2,7500.5,7500.9,7501.8,7501.8,7501.1,7501.5,53
2026-07-03 06:04:00,7500.8,7500.9,7500.3,7500.6,7501.4,7501.5,7500.9,7501.2,24
2026-07-03 06:05:00,7500.5,7500.7,7500.2,7500.6,7501.1,7501.3,7500.8,7501.2,23
2026-07-03 06:06:00,7500.4,7501.0,7500.4,7500.9,7501.0,7501.6,7501.0,7501.5,23
2026-07-03 06:07:00,7500.8,7501.2,7500.6,7500.9,7501.4,7501.8,7501.2,7501.5,25
2026-07-03 06:08:00,7500.7,7501.0,7500.3,7500.9,7501.3,7501.6,7500.9,7501.5,19
2026-07-03 06:09:00,7500.7,7500.9,7500.4,7500.9,7501.3,7501.5,7501.0,7501.5,24
2026-07-03 06:10:00,7500.6,7500.9,7499.9,7500.3,7501.2,7501.5,7500.5,7500.9,26
2026-07-03 06:11:00,7500.4,7500.9,7500.2,7500.7,7501.0,7501.5,7500.8,7501.3,29
2026-07-03 06:12:00,7500.9,7500.9,7500.4,7500.5,7501.5,7501.5,7501.0,7501.1,29
2026-07-03 06:13:00,7500.6,7501.1,7500.4,7500.9,7501.2,7501.7,7501.0,7501.5,28
2026-07-03 06:14:00,7501.1,7501.7,7501.1,7501.5,7501.7,7502.3,7501.7,7502.1,14
2026-07-03 06:15:00,7501.4,7501.9,7501.2,7501.9,7502.0,7502.5,7501.8,7502.5,34
2026-07-03 06:16:00,7502.0,7502.1,7501.2,7501.5,7502.6,7502.7,7501.8,7502.1,37
2026-07-03 06:17:00,7501.6,7501.8,7501.5,7501.6,7502.2,7502.4,7502.1,7502.2,30
2026-07-03 06:18:00,7501.7,7502.1,7501.3,7501.5,7502.3,7502.7,7501.9,7502.1,15
2026-07-03 06:19:00,7501.4,7502.5,7501.4,7502.5,7502.0,7503.1,7502.0,7503.1,20
2026-07-03 06:20:00,7502.2,7502.5,7501.6,7501.7,7502.8,7503.1,7502.2,7502.3,31
2026-07-03 06:21:00,7501.8,7502.0,7501.7,7502.0,7502.4,7502.6,7502.3,7502.6,12
2026-07-03 06:22:00,7501.9,7502.3,7501.7,7502.1,7502.5,7502.9,7502.3,7502.7,21
2026-07-03 06:23:00,7502.3,7502.4,7501.9,7502.1,7502.9,7503.0,7502.5,7502.7,22
2026-07-03 06:24:00,7502.2,7502.3,7502.0,7502.0,7502.8,7502.9,7502.6,7502.6,18
2026-07-03 06:25:00,7501.8,7502.2,7501.6,7501.6,7502.4,7502.8,7502.2,7502.2,20
2026-07-03 06:26:00,7501.8,7502.0,7501.6,7502.0,7502.4,7502.6,7502.2,7502.6,26
2026-07-03 06:27:00,7501.9,7502.4,7501.9,7502.2,7502.5,7503.0,7502.5,7502.8,19
2026-07-03 06:28:00,7502.0,7502.7,7502.0,7502.2,7502.6,7503.3,7502.6,7502.8,17
2026-07-03 06:29:00,7502.0,7502.4,7501.7,7502.4,7502.6,7503.0,7502.3,7503.0,33
2026-07-03 06:30:00,7502.3,7502.4,7501.5,7501.7,7502.9,7503.0,7502.1,7502.3,34
2026-07-03 06:31:00,7501.4,7502.4,7501.4,7502.1,7502.0,7503.0,7502.0,7502.7,35
2026-07-03 06:32:00,7502.3,7502.7,7502.0,7502.3,7502.9,7503.3,7502.6,7502.9,24
2026-07-03 06:33:00,7502.1,7502.1,7501.5,7501.7,7502.7,7502.7,7502.1,7502.3,28
2026-07-03 06:34:00,7501.6,7502.0,7501.0,7501.0,7502.2,7502.6,7501.6,7501.6,42
2026-07-03 06:35:00,7500.9,7501.0,7500.3,7501.0,7501.5,7501.6,7500.9,7501.6,30
2026-07-03 06:36:00,7501.2,7502.6,7501.0,7502.6,7501.8,7503.2,7501.6,7503.2,32
2026-07-03 06:37:00,7502.7,7502.7,7501.7,7501.7,7503.3,7503.3,7502.3,7502.3,22
2026-07-03 06:38:00,7501.5,7502.7,7501.3,7502.7,7502.1,7503.3,7501.9,7503.3,24
2026-07-03 06:39:00,7502.8,7503.4,7502.6,7503.4,7503.4,7504.0,7503.2,7504.0,19
2026-07-03 06:40:00,7503.2,7503.8,7503.2,7503.3,7503.8,7504.4,7503.8,7503.9,32
2026-07-03 06:41:00,7503.0,7503.5,7502.9,7503.2,7503.6,7504.1,7503.5,7503.8,16
2026-07-03 06:42:00,7503.5,7503.7,7503.4,7503.5,7504.1,7504.3,7504.0,7504.1,42
2026-07-03 06:43:00,7503.6,7503.6,7503.1,7503.2,7504.2,7504.2,7503.7,7503.8,32
2026-07-03 06:44:00,7502.9,7503.3,7502.8,7503.1,7503.5,7503.9,7503.4,7503.7,15
2026-07-03 06:45:00,7503.0,7503.5,7502.9,7503.1,7503.6,7504.1,7503.5,7503.7,27
2026-07-03 06:46:00,7502.9,7503.1,7502.6,7502.7,7503.5,7503.7,7503.2,7503.3,46
2026-07-03 06:47:00,7502.8,7503.0,7501.7,7501.8,7503.4,7503.6,7502.3,7502.4,46
2026-07-03 06:48:00,7501.7,7501.9,7501.5,7501.6,7502.3,7502.5,7502.1,7502.2,33
2026-07-03 06:49:00,7501.7,7502.5,7501.4,7501.4,7502.3,7503.1,7502.0,7502.0,18
2026-07-03 06:50:00,7501.2,7501.6,7500.7,7501.4,7501.8,7502.2,7501.3,7502.0,67
2026-07-03 06:51:00,7501.7,7502.0,7501.7,7502.0,7502.3,7502.6,7502.3,7502.6,17
2026-07-03 06:52:00,7502.1,7503.0,7502.1,7502.6,7502.7,7503.6,7502.7,7503.2,23
2026-07-03 06:53:00,7502.5,7503.7,7502.5,7502.9,7503.1,7504.3,7503.1,7503.5,39
2026-07-03 06:54:00,7503.0,7503.6,7502.8,7503.3,7503.6,7504.2,7503.4,7503.9,30
2026-07-03 06:55:00,7503.6,7503.6,7502.2,7502.7,7504.2,7504.2,7502.8,7503.3,31
2026-07-03 06:56:00,7502.5,7502.9,7502.0,7502.2,7503.1,7503.5,7502.6,7502.8,44
2026-07-03 06:57:00,7502.1,7502.2,7501.5,7501.8,7502.7,7502.8,7502.1,7502.4,49
2026-07-03 06:58:00,7501.9,7501.9,7501.7,7501.9,7502.5,7502.5,7502.3,7502.5,25
2026-07-03 06:59:00,7501.8,7501.9,7501.4,7501.4,7502.4,7502.5,7502.0,7502.0,23
2026-07-03 07:00:00,7501.3,7502.1,7500.9,7502.1,7501.9,7502.7,7501.5,7502.7,40
2026-07-03 07:01:00,7501.9,7502.1,7499.6,7499.7,7502.5,7502.7,7500.2,7500.3,38
2026-07-03 07:02:00,7499.8,7499.8,7497.7,7497.7,7500.4,7500.4,7498.3,7498.3,62
2026-07-03 07:03:00,7497.8,7501.5,7497.1,7501.0,7498.4,7502.1,7497.7,7501.6,71
2026-07-03 07:04:00,7500.7,7501.0,7498.8,7499.7,7501.3,7501.6,7499.4,7500.3,73
2026-07-03 07:05:00,7499.6,7499.9,7498.9,7499.7,7500.2,7500.5,7499.5,7500.3,60
2026-07-03 07:06:00,7499.9,7500.7,7499.7,7500.4,7500.5,7501.3,7500.3,7501.0,40
2026-07-03 07:07:00,7500.2,7500.5,7499.8,7500.5,7500.8,7501.1,7500.4,7501.1,51
2026-07-03 07:08:00,7500.4,7500.9,7499.4,7499.4,7501.0,7501.5,7500.0,7500.0,42
2026-07-03 07:09:00,7499.5,7499.7,7498.6,7499.0,7500.1,7500.3,7499.2,7499.6,28
2026-07-03 07:10:00,7499.1,7499.8,7498.9,7499.5,7499.7,7500.4,7499.5,7500.1,46
2026-07-03 07:11:00,7499.2,7499.7,7499.0,7499.1,7499.8,7500.3,7499.6,7499.7,59
2026-07-03 07:12:00,7499.0,7500.4,7498.7,7500.2,7499.6,7501.0,7499.3,7500.8,60
2026-07-03 07:13:00,7500.4,7500.6,7499.6,7499.8,7501.0,7501.2,7500.2,7500.4,48
2026-07-03 07:14:00,7499.6,7500.1,7499.3,7499.4,7500.2,7500.7,7499.9,7500.0,40
2026-07-03 07:15:00,7499.3,7499.5,7498.4,7499.4,7499.9,7500.1,7499.0,7500.0,30
2026-07-03 07:16:00,7499.1,7499.4,7498.6,7499.4,7499.7,7500.0,7499.2,7500.0,19
2026-07-03 07:17:00,7499.3,7499.4,7498.7,7498.7,7499.9,7500.0,7499.3,7499.3,24
2026-07-03 07:18:00,7498.6,7499.3,7498.6,7498.9,7499.2,7499.9,7499.2,7499.5,21
2026-07-03 07:19:00,7498.7,7499.3,7498.6,7498.9,7499.3,7499.9,7499.2,7499.5,51
2026-07-03 07:20:00,7498.7,7498.7,7497.7,7498.2,7499.3,7499.3,7498.3,7498.8,30
2026-07-03 07:21:00,7498.0,7498.3,7497.7,7498.2,7498.6,7498.9,7498.3,7498.8,37
2026-07-03 07:22:00,7498.4,7498.4,7497.1,7497.4,7499.0,7499.0,7497.7,7498.0,32
2026-07-03 07:23:00,7497.1,7498.1,7496.9,7497.5,7497.7,7498.7,7497.5,7498.1,45
2026-07-03 07:24:00,7497.4,7498.1,7497.4,7498.1,7498.0,7498.7,7498.0,7498.7,41
2026-07-03 07:25:00,7498.4,7498.6,7497.9,7498.1,7499.0,7499.2,7498.5,7498.7,32
2026-07-03 07:26:00,7498.2,7499.6,7498.1,7499.1,7498.8,7500.2,7498.7,7499.7,43
2026-07-03 07:27:00,7499.4,7499.7,7498.8,7499.1,7500.0,7500.3,7499.4,7499.7,50
2026-07-03 07:28:00,7498.9,7499.8,7498.6,7499.3,7499.5,7500.4,7499.2,7499.9,31
2026-07-03 07:29:00,7499.4,7499.8,7499.2,7499.5,7500.0,7500.4,7499.8,7500.1,37
2026-07-03 07:30:00,7499.4,7500.5,7498.7,7500.4,7500.0,7501.1,7499.3,7501.0,44
2026-07-03 07:31:00,7500.5,7501.1,7500.4,7500.4,7501.1,7501.7,7501.0,7501.0,36
2026-07-03 07:32:00,7500.5,7501.0,7499.9,7500.0,7501.1,7501.6,7500.5,7500.6,40
2026-07-03 07:33:00,7500.1,7501.0,7499.9,7500.2,7500.7,7501.6,7500.5,7500.8,56
2026-07-03 07:34:00,7500.4,7501.8,7500.2,7501.6,7501.0,7502.4,7500.8,7502.2,33
2026-07-03 07:35:00,7501.7,7502.2,7501.4,7501.8,7502.3,7502.8,7502.0,7502.4,26
2026-07-03 07:36:00,7501.7,7501.7,7501.0,7501.0,7502.3,7502.3,7501.6,7501.6,46
2026-07-03 07:37:00,7500.8,7502.6,7500.0,7502.5,7501.4,7503.2,7500.6,7503.1,48
2026-07-03 07:38:00,7502.6,7502.6,7501.0,7501.3,7503.2,7503.2,7501.6,7501.9,41
2026-07-03 07:39:00,7501.1,7501.3,7500.1,7500.3,7501.7,7501.9,7500.7,7500.9,32
2026-07-03 07:40:00,7500.5,7500.7,7500.0,7500.2,7501.1,7501.3,7500.6,7500.8,44
2026-07-03 07:41:00,7500.4,7500.4,7499.5,7499.9,7501.0,7501.0,7500.1,7500.5,50
2026-07-03 07:42:00,7499.8,7499.8,7498.6,7499.3,7500.4,7500.4,7499.2,7499.9,53
2026-07-03 07:43:00,7499.5,7499.5,7498.4,7498.9,7500.1,7500.1,7499.0,7499.5,36
2026-07-03 07:44:00,7498.8,7498.9,7498.4,7498.7,7499.4,7499.5,7499.0,7499.3,46
2026-07-03 07:45:00,7498.8,7499.7,7498.7,7498.9,7499.4,7500.3,7499.3,7499.5,66
2026-07-03 07:46:00,7498.8,7498.9,7498.4,7498.8,7499.4,7499.5,7499.0,7499.4,53
2026-07-03 07:47:00,7498.9,7498.9,7498.0,7498.4,7499.5,7499.5,7498.6,7499.0,43
2026-07-03 07:48:00,7498.2,7499.0,7497.9,7498.7,7498.8,7499.6,7498.5,7499.3,47
2026-07-03 07:49:00,7499.0,7499.9,7498.6,7499.9,7499.6,7500.5,7499.2,7500.5,39
2026-07-03 07:50:00,7500.2,7501.4,7500.1,7500.1,7500.8,7502.0,7500.7,7500.7,28
2026-07-03 07:51:00,7499.6,7500.1,7499.1,7499.9,7500.2,7500.7,7499.7,7500.5,29
2026-07-03 07:52:00,7500.0,7500.1,7499.6,7499.9,7500.6,7500.7,7500.2,7500.5,47
2026-07-03 07:53:00,7500.0,7500.9,7499.6,7499.9,7500.6,7501.5,7500.2,7500.5,32
2026-07-03 07:54:00,7500.0,7500.0,7499.4,7499.6,7500.6,7500.6,7500.0,7500.2,30
2026-07-03 07:55:00,7499.4,7499.6,7498.6,7499.5,7500.0,7500.2,7499.2,7500.1,40
2026-07-03 07:56:00,7499.6,7500.3,7499.5,7500.3,7500.2,7500.9,7500.1,7500.9,29
2026-07-03 07:57:00,7500.2,7500.9,7500.0,7500.2,7500.8,7501.5,7500.6,7500.8,29
2026-07-03 07:58:00,7500.4,7501.4,7500.4,7500.9,7501.0,7502.0,7501.0,7501.5,22
2026-07-03 07:59:00,7501.1,7501.4,7500.7,7501.1,7501.7,7502.0,7501.3,7501.7,41
2026-07-03 08:00:00,7501.3,7502.8,7501.0,7502.2,7501.9,7503.4,7501.6,7502.8,58
2026-07-03 08:01:00,7502.4,7502.7,7501.0,7502.1,7503.0,7503.3,7501.6,7502.7,53
2026-07-03 08:02:00,7502.2,7503.3,7502.1,7503.2,7502.8,7503.9,7502.7,7503.8,35
2026-07-03 08:03:00,7502.9,7505.0,7502.9,7504.9,7503.5,7505.6,7503.5,7505.5,61
2026-07-03 08:04:00,7504.7,7505.1,7504.2,7504.2,7505.3,7505.7,7504.8,7504.8,49
2026-07-03 08:05:00,7504.4,7506.5,7504.3,7506.2,7505.0,7507.1,7504.9,7506.8,56
2026-07-03 08:06:00,7506.0,7507.4,7506.0,7506.7,7506.6,7508.0,7506.6,7507.3,58
2026-07-03 08:07:00,7506.5,7506.7,7505.9,7506.4,7507.1,7507.3,7506.5,7507.0,36
2026-07-03 08:08:00,7506.3,7508.0,7506.3,7507.5,7506.9,7508.6,7506.9,7508.1,47
2026-07-03 08:09:00,7507.2,7507.6,7506.7,7506.9,7507.8,7508.2,7507.3,7507.5,28
2026-07-03 08:10:00,7507.2,7507.4,7506.6,7506.9,7507.8,7508.0,7507.2,7507.5,50
2026-07-03 08:11:00,7506.6,7507.8,7506.5,7507.8,7507.2,7508.4,7507.1,7508.4,35
2026-07-03 08:12:00,7508.0,7508.1,7506.2,7506.2,7508.6,7508.7,7506.8,7506.8,29
2026-07-03 08:13:00,7506.3,7506.5,7505.9,7506.5,7506.9,7507.1,7506.5,7507.1,39
2026-07-03 08:14:00,7506.0,7506.4,7505.7,7505.9,7506.6,7507.0,7506.3,7506.5,25
2026-07-03 08:15:00,7505.6,7506.4,7505.6,7505.9,7506.2,7507.0,7506.2,7506.5,31
2026-07-03 08:16:00,7506.0,7506.0,7505.2,7505.5,7506.6,7506.6,7505.8,7506.1,25
2026-07-03 08:17:00,7505.6,7506.0,7505.2,7505.7,7506.2,7506.6,7505.8,7506.3,21
2026-07-03 08:18:00,7505.5,7505.8,7504.9,7505.3,7506.1,7506.4,7505.5,7505.9,38
2026-07-03 08:19:00,7505.1,7505.7,7505.1,7505.7,7505.7,7506.3,7505.7,7506.3,11
2026-07-03 08:20:00,7505.8,7505.8,7505.2,7505.2,7506.4,7506.4,7505.8,7505.8,25
2026-07-03 08:21:00,7505.5,7505.5,7504.7,7505.0,7506.1,7506.1,7505.3,7505.6,21
2026-07-03 08:22:00,7504.7,7504.9,7504.6,7504.6,7505.3,7505.5,7505.2,7505.2,15
2026-07-03 08:23:00,7504.4,7504.5,7503.8,7504.5,7505.0,7505.1,7504.4,7505.1,31
2026-07-03 08:24:00,7504.4,7504.4,7502.9,7503.1,7505.0,7505.0,7503.5,7503.7,30
2026-07-03 08:25:00,7503.4,7503.7,7503.1,7503.5,7504.0,7504.3,7503.7,7504.1,26
2026-07-03 08:26:00,7503.4,7504.0,7503.3,7503.9,7504.0,7504.6,7503.9,7504.5,27
2026-07-03 08:27:00,7504.0,7504.3,7503.6,7504.2,7504.6,7504.9,7504.2,7504.8,44
2026-07-03 08:28:00,7504.0,7504.9,7504.0,7504.3,7504.6,7505.5,7504.6,7504.9,34
2026-07-03 08:29:00,7504.1,7505.0,7503.5,7505.0,7504.7,7505.6,7504.1,7505.6,53
2026-07-03 08:30:00,7505.2,7505.7,7504.6,7505.1,7505.8,7506.3,7505.2,7505.7,49
2026-07-03 08:31:00,7505.0,7505.3,7504.6,7504.9,7505.6,7505.9,7505.2,7505.5,40
2026-07-03 08:32:00,7504.8,7506.7,7504.8,7506.7,7505.4,7507.3,7505.4,7507.3,38
2026-07-03 08:33:00,7506.6,7507.3,7505.8,7507.3,7507.2,7507.9,7506.4,7507.9,32
2026-07-03 08:34:00,7507.2,7509.0,7506.5,7508.4,7507.8,7509.6,7507.1,7509.0,39
2026-07-03 08:35:00,7508.3,7509.3,7508.0,7508.7,7508.9,7509.9,7508.6,7509.3,43
2026-07-03 08:36:00,7508.6,7508.9,7508.2,7508.7,7509.2,7509.5,7508.8,7509.3,30
2026-07-03 08:37:00,7508.4,7509.4,7508.2,7508.9,7509.0,7510.0,7508.8,7509.5,20
2026-07-03 08:38:00,7509.1,7509.3,7508.7,7508.9,7509.7,7509.9,7509.3,7509.5,28
2026-07-03 08:39:00,7508.8,7508.8,7508.1,7508.1,7509.4,7509.4,7508.7,7508.7,26
2026-07-03 08:40:00,7508.4,7508.4,7507.2,7508.3,7509.0,7509.0,7507.8,7508.9,23
2026-07-03 08:41:00,7508.8,7509.2,7508.5,7509.1,7509.4,7509.8,7509.1,7509.7,26
2026-07-03 08:42:00,7509.2,7512.5,7509.1,7511.3,7509.8,7513.1,7509.7,7511.9,55
2026-07-03 08:43:00,7511.0,7511.0,7509.4,7509.4,7511.6,7511.6,7510.0,7510.0,43
2026-07-03 08:44:00,7509.7,7510.5,7509.2,7509.9,7510.3,7511.1,7509.8,7510.5,38
2026-07-03 08:45:00,7510.1,7510.1,7509.2,7509.3,7510.7,7510.7,7509.8,7509.9,33
2026-07-03 08:46:00,7509.4,7509.9,7508.9,7509.7,7510.0,7510.5,7509.5,7510.3,36
2026-07-03 08:47:00,7509.6,7509.7,7508.7,7508.7,7510.2,7510.3,7509.3,7509.3,17
2026-07-03 08:48:00,7508.0,7508.2,7507.5,7507.8,7508.6,7508.8,7508.1,7508.4,20
2026-07-03 08:49:00,7508.0,7508.3,7507.6,7507.9,7508.6,7508.9,7508.2,7508.5,18
2026-07-03 08:50:00,7508.2,7508.2,7507.3,7507.3,7508.8,7508.8,7507.9,7507.9,20
2026-07-03 08:51:00,7507.2,7507.2,7505.7,7506.3,7507.8,7507.8,7506.3,7506.9,23
2026-07-03 08:52:00,7506.4,7506.5,7505.4,7505.7,7507.0,7507.1,7506.0,7506.3,20
2026-07-03 08:53:00,7505.6,7505.8,7505.1,7505.4,7506.2,7506.4,7505.7,7506.0,15
2026-07-03 08:54:00,7505.6,7506.2,7505.6,7505.9,7506.2,7506.8,7506.2,7506.5,15
2026-07-03 08:55:00,7505.6,7505.9,7505.3,7505.7,7506.2,7506.5,7505.9,7506.3,19
2026-07-03 08:56:00,7505.8,7505.8,7505.2,7505.7,7506.4,7506.4,7505.8,7506.3,20
2026-07-03 08:57:00,7505.4,7505.9,7505.1,7505.3,7506.0,7506.5,7505.7,7505.9,22
2026-07-03 08:58:00,7505.4,7505.8,7505.1,7505.5,7506.0,7506.4,7505.7,7506.1,26
2026-07-03 08:59:00,7505.4,7505.4,7504.6,7504.9,7506.0,7506.0,7505.2,7505.5,10
2026-07-03 09:00:00,7504.6,7506.2,7504.2,7505.8,7505.2,7506.8,7504.8,7506.4,70
2026-07-03 09:01:00,7505.6,7506.9,7505.1,7506.6,7506.2,7507.5,7505.7,7507.2,58
2026-07-03 09:02:00,7506.5,7506.5,7505.2,7505.7,7507.1,7507.1,7505.8,7506.3,65
2026-07-03 09:03:00,7505.8,7506.0,7505.4,7505.7,7506.4,7506.6,7506.0,7506.3,36
2026-07-03 09:04:00,7505.9,7506.1,7504.9,7505.6,7506.5,7506.7,7505.5,7506.2,45
2026-07-03 09:05:00,7505.5,7505.5,7504.5,7504.8,7506.1,7506.1,7505.1,7505.4,35
2026-07-03 09:06:00,7504.9,7505.8,7504.8,7505.7,7505.5,7506.4,7505.4,7506.3,43
2026-07-03 09:07:00,7505.8,7506.4,7505.7,7506.4,7506.4,7507.0,7506.3,7507.0,33
2026-07-03 09:08:00,7506.2,7507.0,7506.0,7507.0,7506.8,7507.6,7506.6,7507.6,29
2026-07-03 09:09:00,7506.8,7507.5,7506.7,7507.1,7507.4,7508.1,7507.3,7507.7,37
2026-07-03 09:10:00,7507.0,7507.4,7505.9,7506.0,7507.6,7508.0,7506.5,7506.6,42
2026-07-03 09:11:00,7506.2,7506.3,7504.7,7505.0,7506.8,7506.9,7505.3,7505.6,49
2026-07-03 09:12:00,7505.1,7505.2,7504.1,7504.3,7505.7,7505.8,7504.7,7504.9,42
2026-07-03 09:13:00,7504.1,7504.3,7503.5,7503.8,7504.7,7504.9,7504.1,7504.4,39
2026-07-03 09:14:00,7503.9,7504.3,7503.8,7504.0,7504.5,7504.9,7504.4,7504.6,33
2026-07-03 09:15:00,7503.8,7504.2,7503.2,7503.7,7504.4,7504.8,7503.8,7504.3,43
2026-07-03 09:16:00,7503.4,7504.3,7503.3,7503.8,7504.0,7504.9,7503.9,7504.4,28
2026-07-03 09:17:00,7504.0,7504.5,7503.1,7503.8,7504.6,7505.1,7503.7,7504.4,45
2026-07-03 09:18:00,7504.0,7504.2,7504.0,7504.2,7504.6,7504.8,7504.6,7504.8,29
2026-07-03 09:19:00,7504.5,7504.5,7503.5,7504.1,7505.1,7505.1,7504.1,7504.7,34
2026-07-03 09:20:00,7504.4,7505.2,7504.0,7504.7,7505.0,7505.8,7504.6,7505.3,33
2026-07-03 09:21:00,7504.4,7504.9,7503.6,7503.7,7505.0,7505.5,7504.2,7504.3,33
2026-07-03 09:22:00,7503.8,7503.9,7502.4,7502.6,7504.4,7504.5,7503.0,7503.2,72
2026-07-03 09:23:00,7502.3,7503.5,7502.2,7503.2,7502.9,7504.1,7502.8,7503.8,50
2026-07-03 09:24:00,7503.5,7504.0,7503.5,7503.7,7504.1,7504.6,7504.1,7504.3,22
2026-07-03 09:25:00,7503.5,7504.2,7503.4,7503.9,7504.1,7504.8,7504.0,7504.5,39
2026-07-03 09:26:00,7504.0,7504.5,7503.9,7504.2,7504.6,7505.1,7504.5,7504.8,29
2026-07-03 09:27:00,7504.7,7505.0,7503.4,7503.4,7505.3,7505.6,7504.0,7504.0,22
2026-07-03 09:28:00,7503.2,7503.9,7502.8,7503.1,7503.8,7504.5,7503.4,7503.7,49
2026-07-03 09:29:00,7502.9,7503.4,7502.6,7503.3,7503.5,7504.0,7503.2,7503.9,25
2026-07-03 09:30:00,7503.1,7503.9,7502.7,7502.9,7503.7,7504.5,7503.3,7503.5,31
2026-07-03 09:31:00,7502.8,7502.8,7501.1,7501.5,7503.4,7503.4,7501.7,7502.1,42
2026-07-03 09:32:00,7501.8,7501.8,7500.0,7500.7,7502.4,7502.4,7500.6,7501.3,39
2026-07-03 09:33:00,7500.9,7501.6,7500.8,7501.6,7501.5,7502.2,7501.4,7502.2,17
2026-07-03 09:34:00,7501.7,7501.8,7500.9,7500.9,7502.3,7502.4,7501.5,7501.5,30
2026-07-03 09:35:00,7500.6,7502.6,7500.3,7502.2,7501.2,7503.2,7500.9,7502.8,44
2026-07-03 09:36:00,7502.0,7502.2,7501.5,7502.0,7502.6,7502.8,7502.1,7502.6,28
2026-07-03 09:37:00,7501.9,7502.5,7501.5,7502.5,7502.5,7503.1,7502.1,7503.1,12
2026-07-03 09:38:00,7502.6,7503.2,7502.4,7503.2,7503.2,7503.8,7503.0,7503.8,23
2026-07-03 09:39:00,7503.1,7503.5,7502.3,7502.3,7503.7,7504.1,7502.9,7502.9,12
2026-07-03 09:40:00,7502.6,7502.6,7501.4,7501.4,7503.2,7503.2,7502.0,7502.0,25
2026-07-03 09:41:00,7501.2,7501.2,7500.6,7500.8,7501.8,7501.8,7501.2,7501.4,18
2026-07-03 09:42:00,7500.6,7501.2,7500.4,7500.4,7501.2,7501.8,7501.0,7501.0,28
2026-07-03 09:43:00,7500.2,7500.9,7499.7,7500.5,7500.8,7501.5,7500.3,7501.1,32
2026-07-03 09:44:00,7500.4,7500.8,7499.7,7499.7,7501.0,7501.4,7500.3,7500.3,21
2026-07-03 09:45:00,7499.5,7499.9,7499.2,7499.2,7500.1,7500.5,7499.8,7499.8,44
2026-07-03 09:46:00,7499.5,7500.1,7498.9,7499.9,7500.1,7500.7,7499.5,7500.5,37
2026-07-03 09:47:00,7499.7,7501.4,7499.7,7501.2,7500.3,7502.0,7500.3,7501.8,31
2026-07-03 09:48:00,7501.4,7501.6,7500.8,7500.8,7502.0,7502.2,7501.4,7501.4,24
2026-07-03 09:49:00,7500.6,7500.9,7500.2,7500.5,7501.2,7501.5,7500.8,7501.1,24
2026-07-03 09:50:00,7500.2,7500.2,7499.5,7499.9,7500.8,7500.8,7500.1,7500.5,28
2026-07-03 09:51:00,7500.2,7500.3,7499.7,7500.1,7500.8,7500.9,7500.3,7500.7,42
2026-07-03 09:52:00,7500.2,7500.3,7499.4,7499.4,7500.8,7500.9,7500.0,7500.0,33
2026-07-03 09:53:00,7499.7,7499.9,7499.4,7499.6,7500.3,7500.5,7500.0,7500.2,37
2026-07-03 09:54:00,7499.9,7500.2,7499.7,7499.9,7500.5,7500.8,7500.3,7500.5,24
2026-07-03 09:55:00,7499.8,7499.9,7499.4,7499.9,7500.4,7500.5,7500.0,7500.5,14
2026-07-03 09:56:00,7499.8,7499.9,7499.4,7499.4,7500.4,7500.5,7500.0,7500.0,29
2026-07-03 09:57:00,7499.7,7500.4,7499.1,7499.9,7500.3,7501.0,7499.7,7500.5,32
2026-07-03 09:58:00,7499.8,7499.9,7498.7,7498.7,7500.4,7500.5,7499.3,7499.3,30
2026-07-03 09:59:00,7499.0,7499.0,7498.2,7498.6,7499.6,7499.6,7498.8,7499.2,20
2026-07-03 10:00:00,7498.4,7498.9,7497.5,7497.9,7499.0,7499.5,7498.1,7498.5,60
2026-07-03 10:01:00,7498.0,7498.5,7497.5,7498.2,7498.6,7499.1,7498.1,7498.8,43
2026-07-03 10:02:00,7498.3,7498.5,7496.9,7497.2,7498.9,7499.1,7497.5,7497.8,56
2026-07-03 10:03:00,7497.3,7498.0,7497.0,7497.8,7497.9,7498.6,7497.6,7498.4,37
2026-07-03 10:04:00,7497.6,7498.4,7497.0,7498.2,7498.2,7499.0,7497.6,7498.8,45
2026-07-03 10:05:00,7498.4,7499.4,7498.3,7499.0,7499.0,7500.0,7498.9,7499.6,44
2026-07-03 10:06:00,7499.1,7500.7,7499.1,7499.8,7499.7,7501.3,7499.7,7500.4,42
2026-07-03 10:07:00,7499.9,7500.4,7499.1,7500.0,7500.5,7501.0,7499.7,7500.6,23
2026-07-03 10:08:00,7499.9,7499.9,7497.4,7497.4,7500.5,7500.5,7498.0,7498.0,33
2026-07-03 10:09:00,7497.7,7498.4,7497.7,7498.4,7498.3,7499.0,7498.3,7499.0,31
2026-07-03 10:10:00,7498.6,7499.0,7498.3,7498.8,7499.2,7499.6,7498.9,7499.4,41
2026-07-03 10:11:00,7498.6,7499.9,7498.5,7499.5,7499.2,7500.5,7499.1,7500.1,54
2026-07-03 10:12:00,7499.7,7499.9,7499.2,7499.6,7500.3,7500.5,7499.8,7500.2,41
2026-07-03 10:13:00,7499.5,7499.5,7497.2,7497.5,7500.1,7500.1,7497.8,7498.1,33
2026-07-03 10:14:00,7497.7,7499.1,7497.7,7497.9,7498.3,7499.7,7498.3,7498.5,36
2026-07-03 10:15:00,7497.8,7498.3,7497.5,7497.7,7498.4,7498.9,7498.1,7498.3,39
2026-07-03 10:16:00,7497.8,7498.5,7497.7,7498.1,7498.4,7499.1,7498.3,7498.7,39
2026-07-03 10:17:00,7498.3,7498.9,7498.0,7498.7,7498.9,7499.5,7498.6,7499.3,44
2026-07-03 10:18:00,7498.5,7499.1,7498.2,7498.9,7499.1,7499.7,7498.8,7499.5,58
2026-07-03 10:19:00,7498.8,7499.6,7498.1,7499.0,7499.4,7500.2,7498.7,7499.6,43
2026-07-03 10:20:00,7498.9,7499.1,7498.1,7498.7,7499.5,7499.7,7498.7,7499.3,29
2026-07-03 10:21:00,7498.6,7498.9,7498.6,7498.8,7499.2,7499.5,7499.2,7499.4,26
2026-07-03 10:22:00,7498.9,7499.4,7497.4,7497.6,7499.5,7500.0,7498.0,7498.2,42
2026-07-03 10:23:00,7497.3,7497.6,7496.8,7496.8,7497.9,7498.2,7497.4,7497.4,51
2026-07-03 10:24:00,7496.9,7498.2,7496.6,7498.0,7497.5,7498.8,7497.2,7498.6,47
2026-07-03 10:25:00,7498.3,7498.9,7498.1,7498.7,7498.9,7499.5,7498.7,7499.3,30
2026-07-03 10:26:00,7498.5,7498.5,7497.9,7498.0,7499.1,7499.1,7498.5,7498.6,39
2026-07-03 10:27:00,7497.9,7497.9,7496.0,7496.1,7498.5,7498.5,7496.6,7496.7,35
2026-07-03 10:28:00,7496.4,7496.9,7496.1,7496.6,7497.0,7497.5,7496.7,7497.2,32
2026-07-03 10:29:00,7496.9,7497.6,7496.7,7497.2,7497.5,7498.2,7497.3,7497.8,58
2026-07-03 10:30:00,7497.1,7497.5,7495.7,7496.1,7497.7,7498.1,7496.3,7496.7,60
2026-07-03 10:31:00,7496.0,7496.8,7495.6,7496.5,7496.6,7497.4,7496.2,7497.1,52
2026-07-03 10:32:00,7496.3,7497.1,7496.0,7496.8,7496.9,7497.7,7496.6,7497.4,45
2026-07-03 10:33:00,7496.7,7497.0,7495.8,7496.3,7497.3,7497.6,7496.4,7496.9,37
2026-07-03 10:34:00,7496.2,7496.3,7495.7,7496.0,7496.8,7496.9,7496.3,7496.6,19
2026-07-03 10:35:00,7495.9,7497.7,7495.9,7497.7,7496.5,7498.3,7496.5,7498.3,38
2026-07-03 10:36:00,7497.8,7498.3,7497.7,7498.2,7498.4,7498.9,7498.3,7498.8,19
2026-07-03 10:37:00,7498.0,7498.6,7497.9,7498.6,7498.6,7499.2,7498.5,7499.2,40
2026-07-03 10:38:00,7498.9,7499.0,7497.7,7498.1,7499.5,7499.6,7498.3,7498.7,37
2026-07-03 10:39:00,7497.9,7498.5,7497.5,7498.2,7498.5,7499.1,7498.1,7498.8,50
2026-07-03 10:40:00,7498.4,7499.0,7497.9,7499.0,7499.0,7499.6,7498.5,7499.6,35
2026-07-03 10:41:00,7498.8,7499.3,7498.8,7498.8,7499.4,7499.9,7499.4,7499.4,26
2026-07-03 10:42:00,7498.9,7500.0,7498.9,7498.9,7499.5,7500.6,7499.5,7499.5,33
2026-07-03 10:43:00,7499.1,7499.4,7498.8,7498.8,7499.7,7500.0,7499.4,7499.4,33
2026-07-03 10:44:00,7499.0,7499.0,7498.3,7498.9,7499.6,7499.6,7498.9,7499.5,37
2026-07-03 10:45:00,7499.0,7499.0,7498.1,7498.1,7499.6,7499.6,7498.7,7498.7,36
2026-07-03 10:46:00,7497.9,7498.0,7496.3,7496.3,7498.5,7498.6,7496.9,7496.9,43
2026-07-03 10:47:00,7496.5,7496.8,7495.7,7496.7,7497.1,7497.4,7496.3,7497.3,50
2026-07-03 10:48:00,7496.5,7496.8,7495.0,7495.5,7497.1,7497.4,7495.6,7496.1,36
2026-07-03 10:49:00,7495.3,7495.6,7493.3,7493.3,7495.9,7496.2,7493.9,7493.9,43
2026-07-03 10:50:00,7493.5,7494.7,7493.5,7494.6,7494.1,7495.3,7494.1,7495.2,31
2026-07-03 10:51:00,7494.7,7495.0,7494.1,7494.4,7495.3,7495.6,7494.7,7495.0,50
2026-07-03 10:52:00,7494.3,7494.3,7493.2,7493.6,7494.9,7494.9,7493.8,7494.2,46
2026-07-03 10:53:00,7493.7,7494.2,7493.4,7493.7,7494.3,7494.8,7494.0,7494.3,51
2026-07-03 10:54:00,7493.5,7494.1,7493.4,7493.8,7494.1,7494.7,7494.0,7494.4,37
2026-07-03 10:55:00,7494.0,7494.8,7493.8,7494.8,7494.6,7495.4,7494.4,7495.4,34
2026-07-03 10:56:00,7494.5,7495.3,7494.5,7495.0,7495.1,7495.9,7495.1,7495.6,21
2026-07-03 10:57:00,7495.1,7495.3,7494.7,7495.3,7495.7,7495.9,7495.3,7495.9,29
2026-07-03 10:58:00,7495.0,7495.5,7493.9,7494.1,7495.6,7496.1,7494.5,7494.7,45
2026-07-03 10:59:00,7494.0,7494.2,7493.5,7494.0,7494.6,7494.8,7494.1,7494.6,20
2026-07-03 11:00:00,7494.3,7494.5,7493.5,7493.8,7494.9,7495.1,7494.1,7494.4,40
2026-07-03 11:01:00,7493.5,7493.8,7492.4,7492.7,7494.1,7494.4,7493.0,7493.3,37
2026-07-03 11:02:00,7493.0,7493.4,7492.6,7493.2,7493.6,7494.0,7493.2,7493.8,45
2026-07-03 11:03:00,7493.5,7494.6,7492.9,7494.6,7494.1,7495.2,7493.5,7495.2,38
2026-07-03 11:04:00,7494.4,7494.9,7494.0,7494.0,7495.0,7495.5,7494.6,7494.6,34
2026-07-03 11:05:00,7494.1,7494.6,7493.4,7493.9,7494.7,7495.2,7494.0,7494.5,49
2026-07-03 11:06:00,7493.7,7494.1,7492.9,7493.2,7494.3,7494.7,7493.5,7493.8,42
2026-07-03 11:07:00,7493.1,7493.6,7492.6,7493.6,7493.7,7494.2,7493.2,7494.2,23
2026-07-03 11:08:00,7493.8,7494.3,7493.3,7493.8,7494.4,7494.9,7493.9,7494.4,30
2026-07-03 11:09:00,7493.9,7494.2,7493.7,7493.7,7494.5,7494.8,7494.3,7494.3,38
2026-07-03 11:10:00,7493.5,7494.2,7493.5,7494.2,7494.1,7494.8,7494.1,7494.8,29
2026-07-03 11:11:00,7494.4,7495.5,7494.4,7495.5,7495.0,7496.1,7495.0,7496.1,39
2026-07-03 11:12:00,7495.3,7496.3,7495.0,7496.1,7495.9,7496.9,7495.6,7496.7,21
2026-07-03 11:13:00,7496.0,7497.9,7496.0,7497.6,7496.6,7498.5,7496.6,7498.2,34
2026-07-03 11:14:00,7497.4,7497.7,7496.8,7497.5,7498.0,7498.3,7497.4,7498.1,38
2026-07-03 11:15:00,7497.2,7498.0,7497.2,7497.3,7497.8,7498.6,7497.8,7497.9,47
2026-07-03 11:16:00,7497.4,7497.7,7496.8,7496.8,7498.0,7498.3,7497.4,7497.4,59
2026-07-03 11:17:00,7496.6,7498.0,7496.5,7497.9,7497.2,7498.6,7497.1,7498.5,30
2026-07-03 11:18:00,7497.7,7498.5,7497.6,7498.5,7498.3,7499.1,7498.2,7499.1,34
2026-07-03 11:19:00,7498.6,7498.7,7497.6,7497.8,7499.2,7499.3,7498.2,7498.4,39
2026-07-03 11:20:00,7498.0,7498.5,7498.0,7498.4,7498.6,7499.1,7498.6,7499.0,23
2026-07-03 11:21:00,7498.6,7499.4,7498.1,7499.2,7499.2,7500.0,7498.7,7499.8,30
2026-07-03 11:22:00,7499.0,7499.0,7497.7,7498.1,7499.6,7499.6,7498.3,7498.7,43
2026-07-03 11:23:00,7497.9,7498.3,7497.1,7498.2,7498.5,7498.9,7497.7,7498.8,33
2026-07-03 11:24:00,7498.1,7498.3,7497.6,7498.0,7498.7,7498.9,7498.2,7498.6,28
2026-07-03 11:25:00,7497.9,7498.0,7497.3,7497.8,7498.5,7498.6,7497.9,7498.4,40
2026-07-03 11:26:00,7497.9,7498.7,7497.4,7498.1,7498.5,7499.3,7498.0,7498.7,44
2026-07-03 11:27:00,7497.9,7497.9,7496.9,7497.7,7498.5,7498.5,7497.5,7498.3,51
2026-07-03 11:28:00,7497.5,7498.9,7497.4,7498.9,7498.1,7499.5,7498.0,7499.5,38
2026-07-03 11:29:00,7498.8,7498.8,7497.3,7497.7,7499.4,7499.4,7497.9,7498.3,26
2026-07-03 11:30:00,7497.9,7497.9,7497.3,7497.4,7498.5,7498.5,7497.9,7498.0,24
2026-07-03 11:31:00,7497.5,7498.4,7497.4,7498.4,7498.1,7499.0,7498.0,7499.0,25
2026-07-03 11:32:00,7498.5,7499.2,7498.1,7498.8,7499.1,7499.8,7498.7,7499.4,39
2026-07-03 11:33:00,7498.7,7498.7,7497.3,7497.5,7499.3,7499.3,7497.9,7498.1,43
2026-07-03 11:34:00,7497.4,7497.5,7496.5,7497.0,7498.0,7498.1,7497.1,7497.6,29
2026-07-03 11:35:00,7497.1,7497.2,7496.4,7496.7,7497.7,7497.8,7497.0,7497.3,33
2026-07-03 11:36:00,7496.8,7497.6,7496.6,7497.6,7497.4,7498.2,7497.2,7498.2,14
2026-07-03 11:37:00,7497.8,7497.9,7496.8,7497.2,7498.4,7498.5,7497.4,7497.8,26
2026-07-03 11:38:00,7496.9,7496.9,7496.3,7496.6,7497.5,7497.5,7496.9,7497.2,24
2026-07-03 11:39:00,7496.7,7497.4,7496.6,7497.1,7497.3,7498.0,7497.2,7497.7,30
2026-07-03 11:40:00,7497.4,7497.4,7496.6,7497.2,7498.0,7498.0,7497.2,7497.8,26
2026-07-03 11:41:00,7497.3,7497.8,7497.2,7497.8,7497.9,7498.4,7497.8,7498.4,31
2026-07-03 11:42:00,7497.9,7497.9,7497.0,7497.3,7498.5,7498.5,7497.6,7497.9,14
2026-07-03 11:43:00,7497.5,7498.9,7497.4,7498.9,7498.1,7499.5,7498.0,7499.5,16
2026-07-03 11:44:00,7498.8,7500.4,7498.8,7499.4,7499.4,7501.0,7499.4,7500.0,34
2026-07-03 11:45:00,7499.5,7499.7,7498.5,7499.3,7500.1,7500.3,7499.1,7499.9,38
2026-07-03 11:46:00,7499.4,7499.8,7499.2,7499.7,7500.0,7500.4,7499.8,7500.3,31
2026-07-03 11:47:00,7499.6,7500.1,7499.1,7499.3,7500.2,7500.7,7499.7,7499.9,25
2026-07-03 11:48:00,7499.2,7499.2,7498.4,7498.5,7499.8,7499.8,7499.0,7499.1,32
2026-07-03 11:49:00,7498.2,7498.4,7497.6,7498.0,7498.8,7499.0,7498.2,7498.6,33
2026-07-03 11:50:00,7498.1,7498.6,7496.5,7497.0,7498.7,7499.2,7497.1,7497.6,50
2026-07-03 11:51:00,7497.1,7497.4,7496.2,7496.3,7497.7,7498.0,7496.8,7496.9,28
2026-07-03 11:52:00,7496.2,7496.7,7495.9,7496.4,7496.8,7497.3,7496.5,7497.0,33
2026-07-03 11:53:00,7496.3,7496.5,7495.3,7495.5,7496.9,7497.1,7495.9,7496.1,42
2026-07-03 11:54:00,7495.6,7496.2,7495.6,7496.1,7496.2,7496.8,7496.2,7496.7,33
2026-07-03 11:55:00,7496.0,7496.5,7495.9,7495.9,7496.6,7497.1,7496.5,7496.5,23
2026-07-03 11:56:00,7496.0,7496.9,7495.5,7495.9,7496.6,7497.5,7496.1,7496.5,54
2026-07-03 11:57:00,7495.8,7496.3,7495.7,7496.0,7496.4,7496.9,7496.3,7496.6,22
2026-07-03 11:58:00,7495.8,7496.1,7495.3,7495.5,7496.4,7496.7,7495.9,7496.1,33
2026-07-03 11:59:00,7495.6,7496.4,7495.4,7495.6,7496.2,7497.0,7496.0,7496.2,32
2026-07-03 12:00:00,7495.7,7495.7,7494.1,7494.6,7496.3,7496.3,7494.7,7495.2,35
2026-07-03 12:01:00,7494.5,7495.1,7494.5,7495.0,7495.1,7495.7,7495.1,7495.6,39
2026-07-03 12:02:00,7495.4,7495.4,7494.1,7494.5,7496.0,7496.0,7494.7,7495.1,19
2026-07-03 12:03:00,7494.7,7495.4,7494.2,7495.4,7495.3,7496.0,7494.8,7496.0,21
2026-07-03 12:04:00,7495.2,7496.1,7495.1,7495.9,7495.8,7496.7,7495.7,7496.5,28
2026-07-03 12:05:00,7496.0,7496.2,7495.7,7495.9,7496.6,7496.8,7496.3,7496.5,25
2026-07-03 12:06:00,7496.1,7496.2,7495.6,7495.6,7496.7,7496.8,7496.2,7496.2,18
2026-07-03 12:07:00,7495.7,7495.9,7495.5,7495.7,7496.3,7496.5,7496.1,7496.3,23
2026-07-03 12:08:00,7495.8,7496.6,7495.7,7496.1,7496.4,7497.2,7496.3,7496.7,35
2026-07-03 12:09:00,7496.0,7496.8,7495.8,7496.7,7496.6,7497.4,7496.4,7497.3,33
2026-07-03 12:10:00,7496.2,7497.6,7496.1,7497.3,7496.8,7498.2,7496.7,7497.9,22
2026-07-03 12:11:00,7497.6,7497.8,7497.3,7497.8,7498.2,7498.4,7497.9,7498.4,17
2026-07-03 12:12:00,7498.0,7498.0,7497.5,7498.0,7498.6,7498.6,7498.1,7498.6,29
2026-07-03 12:13:00,7497.9,7498.5,7497.9,7498.2,7498.5,7499.1,7498.5,7498.8,39
2026-07-03 12:14:00,7498.1,7498.2,7497.4,7497.9,7498.7,7498.8,7498.0,7498.5,28
2026-07-03 12:15:00,7497.7,7497.9,7497.5,7497.5,7498.3,7498.5,7498.1,7498.1,24
2026-07-03 12:16:00,7497.3,7497.5,7496.9,7497.0,7497.9,7498.1,7497.5,7497.6,21
2026-07-03 12:17:00,7496.9,7497.0,7496.3,7496.7,7497.5,7497.6,7496.9,7497.3,12
2026-07-03 12:18:00,7496.9,7497.2,7496.7,7497.2,7497.5,7497.8,7497.3,7497.8,6
2026-07-03 12:19:00,7497.1,7497.5,7496.7,7497.3,7497.7,7498.1,7497.3,7497.9,19
2026-07-03 12:20:00,7497.0,7497.3,7496.5,7496.7,7497.6,7497.9,7497.1,7497.3,19
2026-07-03 12:21:00,7496.9,7497.7,7496.7,7497.5,7497.5,7498.3,7497.3,7498.1,16
2026-07-03 12:22:00,7497.3,7497.8,7497.2,7497.8,7497.9,7498.4,7497.8,7498.4,7
2026-07-03 12:23:00,7497.7,7498.2,7497.3,7497.5,7498.3,7498.8,7497.9,7498.1,22
2026-07-03 12:24:00,7497.4,7498.1,7496.9,7497.6,7498.0,7498.7,7497.5,7498.2,31
2026-07-03 12:25:00,7497.7,7497.7,7497.0,7497.0,7498.3,7498.3,7497.6,7497.6,20
2026-07-03 12:26:00,7497.2,7497.2,7496.7,7497.1,7497.8,7497.8,7497.3,7497.7,19
2026-07-03 12:27:00,7497.3,7498.4,7497.3,7498.3,7497.9,7499.0,7497.9,7498.9,28
2026-07-03 12:28:00,7498.4,7498.4,7497.8,7497.9,7499.0,7499.0,7498.4,7498.5,11
2026-07-03 12:29:00,7497.8,7497.9,7497.5,7497.7,7498.4,7498.5,7498.1,7498.3,7
2026-07-03 12:30:00,7497.9,7498.6,7497.7,7498.1,7498.5,7499.2,7498.3,7498.7,26
2026-07-03 12:31:00,7498.2,7499.2,7498.2,7498.8,7498.8,7499.8,7498.8,7499.4,14
2026-07-03 12:32:00,7498.9,7499.0,7497.9,7498.5,7499.5,7499.6,7498.5,7499.1,12
2026-07-03 12:33:00,7498.4,7498.8,7497.5,7498.6,7499.0,7499.4,7498.1,7499.2,33
2026-07-03 12:34:00,7498.5,7498.5,7498.0,7498.5,7499.1,7499.1,7498.6,7499.1,18
2026-07-03 12:35:00,7499.0,7499.4,7498.9,7498.9,7499.6,7500.0,7499.5,7499.5,14
2026-07-03 12:36:00,7499.2,7499.2,7498.5,7498.7,7499.8,7499.8,7499.1,7499.3,23
2026-07-03 12:37:00,7498.8,7499.6,7498.6,7499.5,7499.4,7500.2,7499.2,7500.1,27
2026-07-03 12:38:00,7499.4,7499.5,7498.9,7499.0,7500.0,7500.1,7499.5,7499.6,41
2026-07-03 12:39:00,7498.9,7499.3,7498.5,7499.2,7499.5,7499.9,7499.1,7499.8,23
2026-07-03 12:40:00,7499.1,7500.0,7498.7,7498.7,7499.7,7500.6,7499.3,7499.3,49
2026-07-03 12:41:00,7498.6,7499.1,7498.2,7499.0,7499.2,7499.7,7498.8,7499.6,27
2026-07-03 12:42:00,7498.9,7499.3,7498.7,7499.2,7499.5,7499.9,7499.3,7499.8,20
2026-07-03 12:43:00,7499.1,7499.7,7499.1,7499.2,7499.7,7500.3,7499.7,7499.8,24
2026-07-03 12:44:00,7499.3,7500.8,7499.3,7500.5,7499.9,7501.4,7499.9,7501.1,33
2026-07-03 12:45:00,7500.6,7500.9,7500.3,7500.6,7501.2,7501.5,7500.9,7501.2,36
2026-07-03 12:46:00,7500.9,7501.1,7500.2,7500.2,7501.5,7501.7,7500.8,7500.8,13
2026-07-03 12:47:00,7499.9,7499.9,7498.4,7498.8,7500.5,7500.5,7499.0,7499.4,23
2026-07-03 12:48:00,7498.7,7499.0,7498.7,7498.7,7499.3,7499.6,7499.3,7499.3,22
2026-07-03 12:49:00,7498.8,7499.2,7498.8,7499.0,7499.4,7499.8,7499.4,7499.6,19
2026-07-03 12:50:00,7498.9,7499.3,7498.7,7499.1,7499.5,7499.9,7499.3,7499.7,28
2026-07-03 12:51:00,7499.2,7499.9,7499.1,7499.9,7499.8,7500.5,7499.7,7500.5,17
2026-07-03 12:52:00,7499.7,7499.9,7499.5,7499.5,7500.3,7500.5,7500.1,7500.1,16
2026-07-03 12:53:00,7499.6,7500.0,7499.5,7499.5,7500.2,7500.6,7500.1,7500.1,31
2026-07-03 12:54:00,7499.6,7500.0,7499.3,7499.3,7500.2,7500.6,7499.9,7499.9,28
2026-07-03 12:55:00,7499.4,7499.4,7498.9,7499.0,7500.0,7500.0,7499.5,7499.6,37
2026-07-03 12:56:00,7499.2,7499.5,7498.9,7499.3,7499.8,7500.1,7499.5,7499.9,15
2026-07-03 12:57:00,7499.0,7499.4,7499.0,7499.3,7499.6,7500.0,7499.6,7499.9,14
2026-07-03 12:58:00,7499.1,7499.6,7498.6,7498.8,7499.7,7500.2,7499.2,7499.4,13
2026-07-03 12:59:00,7499.0,7499.3,7498.8,7499.0,7499.6,7499.9,7499.4,7499.6,24
2026-07-03 13:00:00,7499.1,7499.1,7495.8,7496.0,7499.7,7499.7,7496.4,7496.6,54
2026-07-03 13:01:00,7496.1,7496.9,7495.9,7496.6,7496.7,7497.5,7496.5,7497.2,32
2026-07-03 13:02:00,7496.5,7497.0,7496.0,7496.9,7497.1,7497.6,7496.6,7497.5,21
2026-07-03 13:03:00,7496.8,7497.3,7496.8,7497.1,7497.4,7497.9,7497.4,7497.7,27
2026-07-03 13:04:00,7497.2,7497.6,7497.0,7497.5,7497.8,7498.2,7497.6,7498.1,19
2026-07-03 13:05:00,7497.2,7497.5,7496.2,7496.5,7497.8,7498.1,7496.8,7497.1,21
2026-07-03 13:06:00,7496.6,7497.0,7496.2,7496.5,7497.2,7497.6,7496.8,7497.1,21
2026-07-03 13:07:00,7496.4,7496.5,7495.3,7495.3,7497.0,7497.1,7495.9,7495.9,27
2026-07-03 13:08:00,7495.2,7495.7,7494.9,7495.0,7495.8,7496.3,7495.5,7495.6,26
2026-07-03 13:09:00,7495.2,7495.5,7495.1,7495.5,7495.8,7496.1,7495.7,7496.1,18
2026-07-03 13:10:00,7495.6,7495.7,7494.9,7495.0,7496.2,7496.3,7495.5,7495.6,23
2026-07-03 13:11:00,7494.9,7495.4,7494.9,7495.4,7495.5,7496.0,7495.5,7496.0,25
2026-07-03 13:12:00,7495.2,7496.1,7495.1,7496.0,7495.8,7496.7,7495.7,7496.6,23
2026-07-03 13:13:00,7496.1,7497.1,7496.0,7497.1,7496.7,7497.7,7496.6,7497.7,20
2026-07-03 13:14:00,7497.0,7497.3,7495.9,7496.2,7497.6,7497.9,7496.5,7496.8,18
2026-07-03 13:15:00,7496.1,7496.4,7495.8,7496.0,7496.7,7497.0,7496.4,7496.6,14
2026-07-03 13:16:00,7496.2,7496.5,7496.1,7496.5,7496.8,7497.1,7496.7,7497.1,12
2026-07-03 13:17:00,7496.7,7497.0,7496.6,7497.0,7497.3,7497.6,7497.2,7497.6,5
2026-07-03 13:18:00,7497.1,7497.1,7496.3,7496.8,7497.7,7497.7,7496.9,7497.4,17
2026-07-03 13:19:00,7496.6,7497.0,7495.8,7496.1,7497.2,7497.6,7496.4,7496.7,23
2026-07-03 13:20:00,7496.3,7496.5,7495.9,7495.9,7496.9,7497.1,7496.5,7496.5,22
2026-07-03 13:21:00,7495.8,7496.5,7495.8,7496.0,7496.4,7497.1,7496.4,7496.6,19
2026-07-03 13:22:00,7495.8,7496.9,7495.8,7496.9,7496.4,7497.5,7496.4,7497.5,22
2026-07-03 13:23:00,7497.0,7497.2,7496.2,7496.4,7497.6,7497.8,7496.8,7497.0,19
2026-07-03 13:24:00,7496.3,7496.7,7496.2,7496.2,7496.9,7497.3,7496.8,7496.8,7
2026-07-03 13:25:00,7495.9,7496.2,7495.1,7495.4,7496.5,7496.8,7495.7,7496.0,27
2026-07-03 13:26:00,7495.2,7495.4,7494.5,7494.7,7495.8,7496.0,7495.1,7495.3,25
2026-07-03 13:27:00,7494.6,7494.9,7494.4,7494.6,7495.2,7495.5,7495.0,7495.2,17
2026-07-03 13:28:00,7494.7,7494.7,7494.0,7494.0,7495.3,7495.3,7494.6,7494.6,13
2026-07-03 13:29:00,7493.8,7494.9,7493.2,7494.9,7494.4,7495.5,7493.8,7495.5,26
2026-07-03 13:30:00,7494.6,7495.2,7494.0,7494.0,7495.2,7495.8,7494.6,7494.6,30
2026-07-03 13:31:00,7494.3,7494.7,7494.0,7494.2,7494.9,7495.3,7494.6,7494.8,19
2026-07-03 13:32:00,7494.0,7494.9,7494.0,7494.9,7494.6,7495.5,7494.6,7495.5,27
2026-07-03 13:33:00,7495.0,7496.2,7494.8,7496.0,7495.6,7496.8,7495.4,7496.6,46
2026-07-03 13:34:00,7495.9,7496.9,7495.9,7496.7,7496.5,7497.5,7496.5,7497.3,29
2026-07-03 13:35:00,7496.4,7496.7,7495.9,7495.9,7497.0,7497.3,7496.5,7496.5,31
2026-07-03 13:36:00,7496.2,7496.4,7495.8,7496.3,7496.8,7497.0,7496.4,7496.9,22
2026-07-03 13:37:00,7496.2,7496.2,7495.7,7495.9,7496.8,7496.8,7496.3,7496.5,19
2026-07-03 13:38:00,7495.7,7496.3,7495.7,7495.9,7496.3,7496.9,7496.3,7496.5,23
2026-07-03 13:39:00,7496.0,7496.1,7495.0,7495.0,7496.6,7496.7,7495.6,7495.6,23
2026-07-03 13:40:00,7495.2,7495.5,7495.0,7495.5,7495.8,7496.1,7495.6,7496.1,20
2026-07-03 13:41:00,7496.1,7496.7,7495.5,7495.7,7496.7,7497.3,7496.1,7496.3,40
2026-07-03 13:42:00,7495.5,7495.5,7495.1,7495.3,7496.1,7496.1,7495.7,7495.9,10
2026-07-03 13:43:00,7495.1,7495.4,7495.0,7495.3,7495.7,7496.0,7495.6,7495.9,13
2026-07-03 13:44:00,7495.2,7495.7,7494.7,7495.2,7495.8,7496.3,7495.3,7495.8,27
2026-07-03 13:45:00,7495.4,7495.8,7495.2,7495.3,7496.0,7496.4,7495.8,7495.9,29
2026-07-03 13:46:00,7495.0,7495.7,7495.0,7495.7,7495.6,7496.3,7495.6,7496.3,37
2026-07-03 13:47:00,7495.6,7496.5,7495.6,7496.4,7496.2,7497.1,7496.2,7497.0,15
2026-07-03 13:48:00,7496.5,7496.9,7496.4,7496.4,7497.1,7497.5,7497.0,7497.0,11
2026-07-03 13:49:00,7496.6,7497.2,7496.4,7496.9,7497.2,7497.8,7497.0,7497.5,32
2026-07-03 13:50:00,7497.1,7497.7,7497.1,7497.7,7497.7,7498.3,7497.7,7498.3,22
2026-07-03 13:51:00,7497.6,7497.7,7497.4,7497.4,7498.2,7498.3,7498.0,7498.0,23
2026-07-03 13:52:00,7497.7,7497.7,7497.4,7497.4,7498.3,7498.3,7498.0,7498.0,11
2026-07-03 13:53:00,7497.6,7497.7,7497.4,7497.7,7498.2,7498.3,7498.0,7498.3,9
2026-07-03 13:54:00,7497.6,7498.5,7497.4,7498.5,7498.2,7499.1,7498.0,7499.1,17
2026-07-03 13:55:00,7498.3,7499.6,7498.1,7498.9,7498.9,7500.2,7498.7,7499.5,38
2026-07-03 13:56:00,7499.0,7500.0,7499.0,7499.2,7499.6,7500.6,7499.6,7499.8,33
2026-07-03 13:57:00,7499.5,7499.7,7498.8,7499.1,7500.1,7500.3,7499.4,7499.7,18
2026-07-03 13:58:00,7499.2,7499.3,7498.6,7498.8,7499.8,7499.9,7499.2,7499.4,18
2026-07-03 13:59:00,7498.7,7499.4,7498.6,7499.4,7499.3,7500.0,7499.2,7500.0,21
2026-07-03 14:00:00,7499.6,7501.0,7499.4,7500.8,7500.2,7501.6,7500.0,7501.4,36
2026-07-03 14:01:00,7500.9,7501.8,7500.6,7501.3,7501.5,7502.4,7501.2,7501.9,24
2026-07-03 14:02:00,7501.5,7502.7,7501.4,7502.2,7502.1,7503.3,7502.0,7502.8,37
2026-07-03 14:03:00,7502.4,7502.7,7501.9,7502.1,7503.0,7503.3,7502.5,7502.7,18
2026-07-03 14:04:00,7502.4,7502.4,7501.9,7502.1,7503.0,7503.0,7502.5,7502.7,16
2026-07-03 14:05:00,7501.9,7502.7,7501.9,7502.4,7502.5,7503.3,7502.5,7503.0,23
2026-07-03 14:06:00,7502.6,7503.3,7502.2,7502.7,7503.2,7503.9,7502.8,7503.3,41
2026-07-03 14:07:00,7502.5,7503.0,7501.7,7501.7,7503.1,7503.6,7502.3,7502.3,31
2026-07-03 14:08:00,7501.6,7501.7,7500.7,7500.7,7502.2,7502.3,7501.3,7501.3,21
2026-07-03 14:09:00,7500.6,7500.8,7499.7,7499.8,7501.2,7501.4,7500.3,7500.4,34
2026-07-03 14:10:00,7499.9,7500.3,7499.8,7500.0,7500.5,7500.9,7500.4,7500.6,18
2026-07-03 14:11:00,7499.8,7500.0,7498.9,7499.3,7500.4,7500.6,7499.5,7499.9,31
2026-07-03 14:12:00,7499.2,7499.9,7497.9,7497.9,7499.8,7500.5,7498.5,7498.5,58
2026-07-03 14:13:00,7497.6,7499.2,7497.6,7498.7,7498.2,7499.8,7498.2,7499.3,49
2026-07-03 14:14:00,7498.8,7499.0,7498.2,7498.2,7499.4,7499.6,7498.8,7498.8,31
2026-07-03 14:15:00,7498.1,7498.1,7497.1,7497.6,7498.7,7498.7,7497.7,7498.2,48
2026-07-03 14:16:00,7497.8,7499.1,7497.8,7499.1,7498.4,7499.7,7498.4,7499.7,22
2026-07-03 14:17:00,7498.8,7499.4,7498.7,7499.2,7499.4,7500.0,7499.3,7499.8,19
2026-07-03 14:18:00,7499.4,7499.4,7497.8,7498.0,7500.0,7500.0,7498.4,7498.6,22
2026-07-03 14:19:00,7498.1,7498.3,7496.6,7496.6,7498.7,7498.9,7497.2,7497.2,23
2026-07-03 14:20:00,7496.5,7497.2,7496.1,7496.6,7497.1,7497.8,7496.7,7497.2,35
2026-07-03 14:21:00,7496.7,7497.1,7496.6,7496.9,7497.3,7497.7,7497.2,7497.5,29
2026-07-03 14:22:00,7496.8,7496.9,7496.4,7496.9,7497.4,7497.5,7497.0,7497.5,18
2026-07-03 14:23:00,7496.6,7497.7,7496.6,7497.7,7497.2,7498.3,7497.2,7498.3,34
2026-07-03 14:24:00,7497.5,7497.6,7497.2,7497.5,7498.1,7498.2,7497.8,7498.1,13
2026-07-03 14:25:00,7497.6,7498.1,7497.5,7497.7,7498.2,7498.7,7498.1,7498.3,23
2026-07-03 14:26:00,7498.0,7498.7,7498.0,7498.2,7498.6,7499.3,7498.6,7498.8,27
2026-07-03 14:27:00,7498.1,7498.3,7497.5,7498.3,7498.7,7498.9,7498.1,7498.9,19
2026-07-03 14:28:00,7498.4,7498.4,7497.8,7497.9,7499.0,7499.0,7498.4,7498.5,8
2026-07-03 14:29:00,7498.0,7498.2,7497.8,7498.2,7498.6,7498.8,7498.4,7498.8,31
2026-07-03 14:30:00,7498.1,7498.3,7497.6,7497.9,7498.7,7498.9,7498.2,7498.5,29
2026-07-03 14:31:00,7497.8,7498.8,7497.8,7498.4,7498.4,7499.4,7498.4,7499.0,24
2026-07-03 14:32:00,7498.5,7499.7,7498.4,7498.5,7499.1,7500.3,7499.0,7499.1,27
2026-07-03 14:33:00,7498.2,7499.4,7498.0,7499.4,7498.8,7500.0,7498.6,7500.0,29
2026-07-03 14:34:00,7499.3,7499.3,7498.4,7498.5,7499.9,7499.9,7499.0,7499.1,33
2026-07-03 14:35:00,7498.4,7498.4,7497.4,7497.8,7499.0,7499.0,7498.0,7498.4,27
2026-07-03 14:36:00,7498.0,7498.8,7497.9,7498.5,7498.6,7499.4,7498.5,7499.1,28
2026-07-03 14:37:00,7498.8,7499.1,7498.5,7499.0,7499.4,7499.7,7499.1,7499.6,16
2026-07-03 14:38:00,7499.1,7499.2,7498.5,7498.7,7499.7,7499.8,7499.1,7499.3,22
2026-07-03 14:39:00,7498.6,7499.0,7498.3,7498.9,7499.2,7499.6,7498.9,7499.5,18
2026-07-03 14:40:00,7498.8,7499.2,7498.8,7499.0,7499.4,7499.8,7499.4,7499.6,9
2026-07-03 14:41:00,7499.2,7499.6,7498.6,7499.3,7499.8,7500.2,7499.2,7499.9,27
2026-07-03 14:42:00,7499.5,7499.6,7498.7,7498.7,7500.1,7500.2,7499.3,7499.3,14
2026-07-03 14:43:00,7498.6,7498.7,7497.8,7497.9,7499.2,7499.3,7498.4,7498.5,21
2026-07-03 14:44:00,7497.6,7497.9,7497.6,7497.9,7498.2,7498.5,7498.2,7498.5,3
2026-07-03 14:45:00,7498.0,7498.5,7497.9,7498.3,7498.6,7499.1,7498.5,7498.9,9
2026-07-03 14:46:00,7498.0,7498.7,7498.0,7498.5,7498.6,7499.3,7498.6,7499.1,6
2026-07-03 14:47:00,7498.4,7499.0,7498.4,7499.0,7499.0,7499.6,7499.0,7499.6,12
2026-07-03 14:48:00,7498.9,7499.4,7498.6,7499.3,7499.5,7500.0,7499.2,7499.9,16
2026-07-03 14:49:00,7499.5,7500.1,7499.4,7499.9,7500.1,7500.7,7500.0,7500.5,20
2026-07-03 14:50:00,7499.8,7500.2,7499.5,7499.5,7500.4,7500.8,7500.1,7500.1,35
2026-07-03 14:51:00,7499.3,7499.3,7498.5,7498.8,7499.9,7499.9,7499.1,7499.4,19
2026-07-03 14:52:00,7498.6,7499.2,7498.3,7498.5,7499.2,7499.8,7498.9,7499.1,18
2026-07-03 14:53:00,7498.6,7498.9,7498.5,7498.7,7499.2,7499.5,7499.1,7499.3,19
2026-07-03 14:54:00,7498.8,7499.6,7498.7,7499.5,7499.4,7500.2,7499.3,7500.1,18
2026-07-03 14:55:00,7499.7,7499.7,7499.3,7499.7,7500.3,7500.3,7499.9,7500.3,24
2026-07-03 14:56:00,7499.6,7499.7,7499.2,7499.2,7500.2,7500.3,7499.8,7499.8,19
2026-07-03 14:57:00,7499.1,7499.9,7499.1,7499.5,7499.7,7500.5,7499.7,7500.1,20
2026-07-03 14:58:00,7499.4,7499.4,7498.5,7499.2,7500.0,7500.0,7499.1,7499.8,10
2026-07-03 14:59:00,7499.0,7499.1,7498.9,7499.1,7499.6,7499.7,7499.5,7499.7,3
2026-07-03 15:00:00,7499.4,7500.9,7499.4,7500.4,7500.0,7501.5,7500.0,7501.0,24
2026-07-03 15:01:00,7500.5,7501.7,7500.5,7501.2,7501.1,7502.3,7501.1,7501.8,25
2026-07-03 15:02:00,7501.4,7501.4,7500.1,7500.1,7502.0,7502.0,7500.7,7500.7,18
2026-07-03 15:03:00,7499.9,7501.0,7499.9,7500.8,7500.5,7501.6,7500.5,7501.4,17
2026-07-03 15:04:00,7501.1,7501.3,7500.5,7500.6,7501.7,7501.9,7501.1,7501.2,17
2026-07-03 15:05:00,7500.8,7500.8,7498.7,7499.0,7501.4,7501.4,7499.3,7499.6,21
2026-07-03 15:06:00,7499.3,7499.7,7498.8,7499.7,7499.9,7500.3,7499.4,7500.3,19
2026-07-03 15:07:00,7499.5,7500.7,7499.2,7500.4,7500.1,7501.3,7499.8,7501.0,20
2026-07-03 15:08:00,7500.7,7500.7,7500.2,7500.2,7501.3,7501.3,7500.8,7500.8,14
2026-07-03 15:09:00,7500.0,7500.5,7499.7,7500.2,7500.6,7501.1,7500.3,7500.8,14
2026-07-03 15:10:00,7500.1,7500.5,7499.8,7499.8,7500.7,7501.1,7500.4,7500.4,12
2026-07-03 15:11:00,7499.7,7499.7,7498.6,7498.6,7500.3,7500.3,7499.2,7499.2,16
2026-07-03 15:12:00,7498.4,7498.4,7497.7,7498.4,7499.0,7499.0,7498.3,7499.0,26
2026-07-03 15:13:00,7498.2,7498.5,7497.7,7498.3,7498.8,7499.1,7498.3,7498.9,13
2026-07-03 15:14:00,7498.0,7498.4,7497.7,7498.2,7498.6,7499.0,7498.3,7498.8,14
2026-07-03 15:15:00,7498.3,7499.0,7498.2,7498.7,7498.9,7499.6,7498.8,7499.3,14
2026-07-03 15:16:00,7499.0,7499.6,7499.0,7499.2,7499.6,7500.2,7499.6,7499.8,6
2026-07-03 15:17:00,7499.1,7499.6,7498.9,7498.9,7499.7,7500.2,7499.5,7499.5,10
2026-07-03 15:18:00,7499.1,7499.1,7498.1,7498.1,7499.7,7499.7,7498.7,7498.7,13
2026-07-03 15:19:00,7498.6,7499.6,7498.6,7499.5,7499.2,7500.2,7499.2,7500.1,11
2026-07-03 15:20:00,7499.6,7501.6,7499.6,7500.9,7500.2,7502.2,7500.2,7501.5,21
2026-07-03 15:21:00,7500.6,7501.1,7500.6,7501.0,7501.2,7501.7,7501.2,7501.6,9
2026-07-03 15:22:00,7501.1,7501.1,7500.4,7500.4,7501.7,7501.7,7501.0,7501.0,13
2026-07-03 15:23:00,7500.1,7500.9,7499.9,7500.8,7500.7,7501.5,7500.5,7501.4,12
2026-07-03 15:24:00,7500.9,7500.9,7500.4,7500.9,7501.5,7501.5,7501.0,7501.5,17
2026-07-03 15:25:00,7500.7,7500.7,7499.6,7499.6,7501.3,7501.3,7500.2,7500.2,19
2026-07-03 15:26:00,7499.7,7500.5,7499.5,7500.5,7500.3,7501.1,7500.1,7501.1,17
2026-07-03 15:27:00,7500.8,7500.8,7500.5,7500.7,7501.4,7501.4,7501.1,7501.3,9
2026-07-03 15:28:00,7500.8,7501.0,7500.1,7500.3,7501.4,7501.6,7500.7,7500.9,15
2026-07-03 15:29:00,7500.5,7501.2,7500.5,7501.2,7501.1,7501.8,7501.1,7501.8,12
2026-07-03 15:30:00,7501.7,7505.0,7501.7,7503.7,7502.1,7505.4,7502.1,7504.1,88
2026-07-03 15:31:00,7503.9,7506.1,7503.9,7505.5,7504.3,7506.5,7504.3,7505.9,52
2026-07-03 15:32:00,7505.6,7505.8,7504.6,7504.9,7506.0,7506.2,7505.0,7505.3,32
2026-07-03 15:33:00,7504.7,7505.4,7504.1,7504.4,7505.1,7505.8,7504.5,7504.8,28
2026-07-03 15:34:00,7504.5,7504.5,7500.3,7500.9,7504.9,7504.9,7500.7,7501.3,49
2026-07-03 15:35:00,7500.8,7501.6,7500.5,7501.3,7501.2,7502.0,7500.9,7501.7,29
2026-07-03 15:36:00,7501.1,7502.6,7501.1,7501.8,7501.5,7503.0,7501.5,7502.2,37
2026-07-03 15:37:00,7501.6,7501.9,7501.0,7501.8,7502.0,7502.3,7501.4,7502.2,28
2026-07-03 15:38:00,7501.7,7502.0,7500.9,7500.9,7502.1,7502.4,7501.3,7501.3,28
2026-07-03 15:39:00,7500.7,7501.1,7499.2,7499.4,7501.1,7501.5,7499.6,7499.8,47
2026-07-03 15:40:00,7499.7,7500.1,7499.1,7499.7,7500.1,7500.5,7499.5,7500.1,33
2026-07-03 15:41:00,7499.9,7500.4,7499.7,7499.9,7500.3,7500.8,7500.1,7500.3,15
2026-07-03 15:42:00,7500.2,7502.5,7499.1,7501.3,7500.6,7502.9,7499.5,7501.7,46
2026-07-03 15:43:00,7501.0,7501.3,7500.4,7500.9,7501.4,7501.7,7500.8,7501.3,18
2026-07-03 15:44:00,7500.8,7500.9,7499.4,7499.7,7501.2,7501.3,7499.8,7500.1,20
2026-07-03 15:45:00,7500.0,7501.4,7499.8,7500.4,7500.4,7501.8,7500.2,7500.8,29
2026-07-03 15:46:00,7500.7,7501.7,7500.6,7501.0,7501.1,7502.1,7501.0,7501.4,41
2026-07-03 15:47:00,7500.8,7501.0,7499.6,7500.1,7501.2,7501.4,7500.0,7500.5,26
2026-07-03 15:48:00,7500.3,7500.3,7497.4,7497.4,7500.7,7500.7,7497.8,7497.8,47
2026-07-03 15:49:00,7496.9,7497.6,7496.6,7497.4,7497.3,7498.0,7497.0,7497.8,30
2026-07-03 15:50:00,7497.6,7497.8,7496.3,7496.8,7498.0,7498.2,7496.7,7497.2,27
2026-07-03 15:51:00,7497.0,7498.7,7497.0,7498.3,7497.4,7499.1,7497.4,7498.7,36
2026-07-03 15:52:00,7498.4,7498.4,7497.1,7497.1,7498.8,7498.8,7497.5,7497.5,17
2026-07-03 15:53:00,7497.3,7499.2,7497.3,7498.9,7497.7,7499.6,7497.7,7499.3,21
2026-07-03 15:54:00,7498.7,7498.7,7496.9,7498.2,7499.1,7499.1,7497.3,7498.6,17
2026-07-03 15:55:00,7498.0,7498.5,7497.2,7497.6,7498.4,7498.9,7497.6,7498.0,28
2026-07-03 15:56:00,7497.8,7499.1,7497.8,7498.9,7498.2,7499.5,7498.2,7499.3,20
2026-07-03 15:57:00,7498.8,7500.5,7498.8,7499.9,7499.2,7500.9,7499.2,7500.3,25
2026-07-03 15:58:00,7500.2,7500.7,7499.1,7500.4,7500.6,7501.1,7499.5,7500.8,30
2026-07-03 15:59:00,7500.7,7501.0,7499.9,7501.0,7501.1,7501.4,7500.3,7501.4,15
2026-07-03 16:00:00,7501.2,7501.6,7500.3,7501.1,7501.6,7502.0,7500.7,7501.5,30
2026-07-03 16:01:00,7501.3,7501.6,7499.2,7500.4,7501.7,7502.0,7499.6,7500.8,30
2026-07-03 16:02:00,7500.1,7500.9,7499.9,7500.4,7500.5,7501.3,7500.3,7500.8,24
2026-07-03 16:03:00,7500.2,7500.4,7499.4,7499.4,7500.6,7500.8,7499.8,7499.8,9
2026-07-03 16:04:00,7499.6,7499.9,7499.1,7499.6,7500.0,7500.3,7499.5,7500.0,16
2026-07-03 16:05:00,7499.9,7500.9,7499.6,7500.6,7500.3,7501.3,7500.0,7501.0,31
2026-07-03 16:06:00,7500.4,7500.4,7498.9,7499.1,7500.8,7500.8,7499.3,7499.5,22
2026-07-03 16:07:00,7499.4,7499.4,7498.4,7498.4,7499.8,7499.8,7498.8,7498.8,11
2026-07-03 16:08:00,7498.6,7498.9,7497.9,7498.4,7499.0,7499.3,7498.3,7498.8,20
2026-07-03 16:09:00,7498.7,7498.9,7498.1,7498.9,7499.1,7499.3,7498.5,7499.3,13
2026-07-03 16:10:00,7498.6,7499.0,7498.1,7498.5,7499.0,7499.4,7498.5,7498.9,26
2026-07-03 16:11:00,7498.2,7498.2,7497.7,7497.9,7498.6,7498.6,7498.1,7498.3,20
2026-07-03 16:12:00,7497.7,7498.4,7497.1,7497.9,7498.1,7498.8,7497.5,7498.3,31
2026-07-03 16:13:00,7498.1,7498.2,7497.6,7497.6,7498.5,7498.6,7498.0,7498.0,19
2026-07-03 16:14:00,7497.7,7498.1,7497.5,7498.0,7498.1,7498.5,7497.9,7498.4,17
2026-07-03 16:15:00,7498.1,7499.5,7498.1,7499.5,7498.5,7499.9,7498.5,7499.9,24
2026-07-03 16:16:00,7499.7,7500.4,7499.2,7500.2,7500.1,7500.8,7499.6,7500.6,22
2026-07-03 16:17:00,7500.1,7502.3,7500.1,7501.8,7500.5,7502.7,7500.5,7502.2,43
2026-07-03 16:18:00,7501.7,7501.7,7500.7,7500.7,7502.1,7502.1,7501.1,7501.1,36
2026-07-03 16:19:00,7500.4,7500.7,7499.4,7500.5,7500.8,7501.1,7499.8,7500.9,26
2026-07-03 16:20:00,7500.2,7501.4,7499.9,7500.1,7500.6,7501.8,7500.3,7500.5,33
2026-07-03 16:21:00,7500.0,7500.1,7498.5,7499.9,7500.4,7500.5,7498.9,7500.3,36
2026-07-03 16:22:00,7499.8,7502.0,7499.8,7501.7,7500.2,7502.4,7500.2,7502.1,23
2026-07-03 16:23:00,7501.8,7502.3,7501.4,7501.9,7502.2,7502.7,7501.8,7502.3,16
2026-07-03 16:24:00,7502.2,7503.2,7502.1,7502.3,7502.6,7503.6,7502.5,7502.7,13
2026-07-03 16:25:00,7502.4,7502.5,7501.8,7502.3,7502.8,7502.9,7502.2,7502.7,15
2026-07-03 16:26:00,7502.6,7502.6,7501.9,7502.1,7503.0,7503.0,7502.3,7502.5,15
2026-07-03 16:27:00,7502.4,7502.4,7501.6,7501.6,7502.8,7502.8,7502.0,7502.0,17
2026-07-03 16:28:00,7501.9,7502.1,7501.4,7501.6,7502.3,7502.5,7501.8,7502.0,10
2026-07-03 16:29:00,7501.4,7502.1,7501.4,7501.4,7501.8,7502.5,7501.8,7501.8,22
2026-07-03 16:30:00,7501.5,7502.3,7501.2,7502.2,7501.9,7502.7,7501.6,7502.6,35
2026-07-03 16:31:00,7502.4,7502.6,7501.9,7502.4,7502.8,7503.0,7502.3,7502.8,9
2026-07-03 16:32:00,7502.5,7502.5,7501.9,7502.2,7502.9,7502.9,7502.3,7502.6,7
2026-07-03 16:33:00,7501.9,7502.5,7501.9,7502.2,7502.3,7502.9,7502.3,7502.6,17
2026-07-03 16:34:00,7502.5,7502.7,7502.0,7502.4,7502.9,7503.1,7502.4,7502.8,14
2026-07-03 16:35:00,7502.2,7502.9,7501.9,7502.6,7502.6,7503.3,7502.3,7503.0,11
2026-07-03 16:36:00,7502.9,7503.2,7502.8,7503.0,7503.3,7503.6,7503.2,7503.4,10
2026-07-03 16:37:00,7502.8,7502.8,7502.5,7502.7,7503.2,7503.2,7502.9,7503.1,7
2026-07-03 16:38:00,7502.8,7503.4,7502.8,7503.2,7503.2,7503.8,7503.2,7503.6,11
2026-07-03 16:39:00,7503.3,7504.2,7503.0,7504.2,7503.7,7504.6,7503.4,7504.6,15
2026-07-03 16:40:00,7504.4,7505.1,7504.0,7505.1,7504.8,7505.5,7504.4,7505.5,20
2026-07-03 16:41:00,7505.4,7505.8,7504.7,7505.7,7505.8,7506.2,7505.1,7506.1,30
2026-07-03 16:42:00,7505.9,7508.4,7505.7,7507.6,7506.3,7508.8,7506.1,7508.0,48
2026-07-03 16:43:00,7507.7,7507.7,7505.7,7505.7,7508.1,7508.1,7506.1,7506.1,24
2026-07-03 16:44:00,7505.4,7505.7,7505.0,7505.7,7505.8,7506.1,7505.4,7506.1,22
2026-07-03 16:45:00,7505.5,7506.2,7504.9,7506.2,7505.9,7506.6,7505.3,7506.6,15
2026-07-03 16:46:00,7505.9,7506.7,7505.8,7506.2,7506.3,7507.1,7506.2,7506.6,23
2026-07-03 16:47:00,7505.9,7507.4,7505.9,7507.4,7506.3,7507.8,7506.3,7507.8,19
2026-07-03 16:48:00,7507.7,7507.7,7505.9,7506.2,7508.1,7508.1,7506.3,7506.6,22
2026-07-03 16:49:00,7505.9,7506.4,7505.9,7506.1,7506.3,7506.8,7506.3,7506.5,13
2026-07-03 16:50:00,7505.9,7506.9,7505.9,7506.6,7506.3,7507.3,7506.3,7507.0,28
2026-07-03 16:51:00,7506.7,7507.4,7506.4,7506.6,7507.1,7507.8,7506.8,7507.0,17
2026-07-03 16:52:00,7506.5,7507.8,7506.4,7507.6,7506.9,7508.2,7506.8,7508.0,20
2026-07-03 16:53:00,7507.4,7507.4,7506.4,7506.4,7507.8,7507.8,7506.8,7506.8,11
2026-07-03 16:54:00,7506.5,7507.5,7506.4,7507.4,7506.9,7507.9,7506.8,7507.8,27
2026-07-03 16:55:00,7507.2,7508.3,7506.6,7506.7,7507.6,7508.7,7507.0,7507.1,23
2026-07-03 16:56:00,7506.5,7506.6,7505.9,7506.4,7506.9,7507.0,7506.3,7506.8,9
2026-07-03 16:57:00,7506.6,7506.9,7506.4,7506.9,7507.0,7507.3,7506.8,7507.3,6
2026-07-03 16:58:00,7507.1,7507.4,7507.0,7507.1,7507.5,7507.8,7507.4,7507.5,9
2026-07-03 16:59:00,7507.2,7507.2,7506.6,7506.9,7507.6,7507.6,7507.0,7507.3,18
2026-07-03 17:00:00,7507.2,7507.4,7505.4,7505.7,7507.6,7507.8,7505.8,7506.1,35
2026-07-03 17:01:00,7506.0,7506.0,7505.4,7505.6,7506.4,7506.4,7505.8,7506.0,18
2026-07-03 17:02:00,7506.1,7506.1,7505.1,7505.6,7506.5,7506.5,7505.5,7506.0,15
2026-07-03 17:03:00,7505.9,7506.1,7504.4,7505.1,7506.3,7506.5,7504.8,7505.5,20
2026-07-03 17:04:00,7504.9,7505.4,7504.1,7504.1,7505.3,7505.8,7504.5,7504.5,12
2026-07-03 17:05:00,7504.4,7504.9,7503.9,7504.6,7504.8,7505.3,7504.3,7505.0,15
2026-07-03 17:06:00,7504.4,7505.1,7504.4,7504.6,7504.8,7505.5,7504.8,7505.0,15
2026-07-03 17:07:00,7504.8,7505.6,7504.8,7505.4,7505.2,7506.0,7505.2,7505.8,8
2026-07-03 17:08:00,7505.2,7505.7,7505.2,7505.4,7505.6,7506.1,7505.6,7505.8,9
2026-07-03 17:09:00,7505.5,7505.5,7504.4,7504.6,7505.9,7505.9,7504.8,7505.0,17
2026-07-03 17:10:00,7504.8,7506.0,7504.6,7506.0,7505.2,7506.4,7505.0,7506.4,15
2026-07-03 17:11:00,7506.3,7507.4,7505.8,7507.3,7506.7,7507.8,7506.2,7507.7,21
2026-07-03 17:12:00,7507.1,7507.2,7505.9,7506.0,7507.5,7507.6,7506.3,7506.4,25
2026-07-03 17:13:00,7505.7,7506.1,7504.5,7504.6,7506.1,7506.5,7504.9,7505.0,17
2026-07-03 17:14:00,7504.7,7505.5,7504.7,7505.4,7505.1,7505.9,7505.1,7505.8,7
2026-07-03 17:15:00,7505.5,7506.2,7505.4,7506.0,7505.9,7506.6,7505.8,7506.4,19
2026-07-03 17:16:00,7506.3,7507.3,7506.1,7506.7,7506.7,7507.7,7506.5,7507.1,24
2026-07-03 17:17:00,7506.9,7507.2,7505.9,7505.9,7507.3,7507.6,7506.3,7506.3,7
2026-07-03 17:18:00,7506.2,7506.7,7505.9,7505.9,7506.6,7507.1,7506.3,7506.3,12
2026-07-03 17:19:00,7506.2,7506.4,7506.2,7506.4,7506.6,7506.8,7506.6,7506.8,4
2026-07-03 17:20:00,7506.7,7506.8,7505.6,7505.8,7507.1,7507.2,7506.0,7506.2,23
2026-07-03 17:21:00,7505.7,7505.8,7505.3,7505.4,7506.1,7506.2,7505.7,7505.8,10
2026-07-03 17:22:00,7505.3,7505.9,7504.8,7504.9,7505.7,7506.3,7505.2,7505.3,15
2026-07-03 17:23:00,7505.0,7505.0,7504.5,7504.5,7505.4,7505.4,7504.9,7504.9,4
2026-07-03 17:24:00,7504.2,7504.2,7503.5,7503.9,7504.6,7504.6,7503.9,7504.3,13
2026-07-03 17:25:00,7504.2,7504.2,7503.1,7503.7,7504.6,7504.6,7503.5,7504.1,20
2026-07-03 17:26:00,7503.5,7503.7,7502.7,7503.1,7503.9,7504.1,7503.1,7503.5,17
2026-07-03 17:27:00,7502.8,7503.2,7502.3,7502.9,7503.2,7503.6,7502.7,7503.3,14
2026-07-03 17:28:00,7502.7,7503.0,7502.3,7502.9,7503.1,7503.4,7502.7,7503.3,22
2026-07-03 17:29:00,7503.1,7503.4,7502.5,7502.6,7503.5,7503.8,7502.9,7503.0,18
2026-07-03 17:30:00,7503.1,7503.1,7501.5,7502.0,7503.5,7503.5,7501.9,7502.4,27
2026-07-03 17:31:00,7502.2,7502.7,7501.9,7502.7,7502.6,7503.1,7502.3,7503.1,16
2026-07-03 17:32:00,7502.8,7503.2,7502.5,7503.0,7503.2,7503.6,7502.9,7503.4,21
2026-07-03 17:33:00,7502.9,7503.9,7502.9,7503.4,7503.3,7504.3,7503.3,7503.8,17
2026-07-03 17:34:00,7503.2,7503.2,7502.3,7502.5,7503.6,7503.6,7502.7,7502.9,32
2026-07-03 17:35:00,7502.6,7503.8,7502.2,7503.6,7503.0,7504.2,7502.6,7504.0,20
2026-07-03 17:36:00,7504.1,7504.4,7503.8,7504.4,7504.5,7504.8,7504.2,7504.8,13
2026-07-03 17:37:00,7504.6,7505.2,7504.3,7504.3,7505.0,7505.6,7504.7,7504.7,10
2026-07-03 17:38:00,7504.5,7505.2,7504.4,7504.9,7504.9,7505.6,7504.8,7505.3,15
2026-07-03 17:39:00,7504.8,7504.8,7503.6,7503.6,7505.2,7505.2,7504.0,7504.0,19
2026-07-03 17:40:00,7503.4,7503.5,7502.9,7503.4,7503.8,7503.9,7503.3,7503.8,7
2026-07-03 17:41:00,7503.7,7503.7,7503.2,7503.2,7504.1,7504.1,7503.6,7503.6,5
2026-07-03 17:42:00,7503.1,7503.8,7502.8,7503.6,7503.5,7504.2,7503.2,7504.0,14
2026-07-03 17:43:00,7503.5,7505.1,7503.5,7504.9,7503.9,7505.5,7503.9,7505.3,20
2026-07-03 17:44:00,7505.0,7505.3,7504.4,7504.4,7505.4,7505.7,7504.8,7504.8,15
2026-07-03 17:45:00,7504.1,7505.1,7504.1,7504.9,7504.5,7505.5,7504.5,7505.3,9
2026-07-03 17:46:00,7505.1,7505.1,7504.4,7504.9,7505.5,7505.5,7504.8,7505.3,10
2026-07-03 17:47:00,7505.2,7505.6,7504.9,7505.6,7505.6,7506.0,7505.3,7506.0,11
2026-07-03 17:48:00,7505.7,7506.6,7505.7,7506.2,7506.1,7507.0,7506.1,7506.6,13
2026-07-03 17:49:00,7506.4,7506.7,7506.1,7506.1,7506.8,7507.1,7506.5,7506.5,11
2026-07-03 17:50:00,7505.9,7505.9,7505.9,7505.9,7506.3,7506.3,7506.3,7506.3,1
2026-07-03 17:51:00,7505.6,7505.9,7505.4,7505.9,7506.0,7506.3,7505.8,7506.3,4
2026-07-03 17:52:00,7505.6,7505.9,7505.4,7505.4,7506.0,7506.3,7505.8,7505.8,4
2026-07-03 17:53:00,7505.1,7505.9,7505.1,7505.7,7505.5,7506.3,7505.5,7506.1,6
2026-07-03 17:54:00,7505.9,7506.2,7505.9,7506.2,7506.3,7506.6,7506.3,7506.6,8
2026-07-03 17:55:00,7506.3,7506.5,7506.2,7506.3,7506.7,7506.9,7506.6,7506.7,7
2026-07-03 17:56:00,7506.2,7506.8,7506.2,7506.8,7506.6,7507.2,7506.6,7507.2,8
2026-07-03 17:57:00,7506.9,7507.2,7506.1,7506.1,7507.3,7507.6,7506.5,7506.5,13
2026-07-03 17:58:00,7506.2,7506.6,7505.9,7506.0,7506.6,7507.0,7506.3,7506.4,14
2026-07-03 17:59:00,7505.8,7505.9,7505.5,7505.9,7506.2,7506.3,7505.9,7506.3,5
2026-07-03 18:00:00,7506.0,7506.0,7504.4,7504.7,7506.4,7506.4,7504.8,7505.1,11
2026-07-03 18:01:00,7504.6,7505.4,7504.6,7505.4,7505.0,7505.8,7505.0,7505.8,4
2026-07-03 18:02:00,7505.1,7505.1,7504.6,7504.9,7505.5,7505.5,7505.0,7505.3,7
2026-07-03 18:03:00,7505.1,7505.1,7504.9,7504.9,7505.5,7505.5,7505.3,7505.3,2
2026-07-03 18:04:00,7504.6,7504.6,7504.4,7504.4,7505.0,7505.0,7504.8,7504.8,2
2026-07-03 18:05:00,7504.1,7504.6,7504.1,7504.5,7504.5,7505.0,7504.5,7504.9,6
2026-07-03 18:06:00,7504.8,7505.1,7504.8,7505.1,7505.2,7505.5,7505.2,7505.5,5
2026-07-03 18:07:00,7504.9,7504.9,7503.9,7504.1,7505.3,7505.3,7504.3,7504.5,9
2026-07-03 18:08:00,7504.0,7504.4,7503.7,7503.8,7504.4,7504.8,7504.1,7504.2,14
2026-07-03 18:09:00,7504.0,7504.5,7504.0,7504.5,7504.4,7504.9,7504.4,7504.9,4
2026-07-03 18:10:00,7504.8,7505.0,7504.4,7504.4,7505.2,7505.4,7504.8,7504.8,7
2026-07-03 18:11:00,7504.5,7504.5,7504.2,7504.5,7504.9,7504.9,7504.6,7504.9,3
2026-07-03 18:12:00,7504.2,7505.0,7504.2,7504.9,7504.6,7505.4,7504.6,7505.3,9
2026-07-03 18:13:00,7505.2,7505.2,7504.7,7504.7,7505.6,7505.6,7505.1,7505.1,6
2026-07-03 18:14:00,7504.5,7504.5,7503.9,7503.9,7504.9,7504.9,7504.3,7504.3,6
2026-07-03 18:15:00,7504.1,7504.1,7503.9,7504.1,7504.5,7504.5,7504.3,7504.5,3
2026-07-03 18:16:00,7504.4,7505.1,7504.4,7505.1,7504.8,7505.5,7504.8,7505.5,7
2026-07-03 18:17:00,7505.4,7505.4,7504.6,7504.9,7505.8,7505.8,7505.0,7505.3,7
2026-07-03 18:18:00,7505.1,7505.1,7504.6,7504.6,7505.5,7505.5,7505.0,7505.0,8
2026-07-03 18:19:00,7504.4,7504.4,7503.9,7503.9,7504.8,7504.8,7504.3,7504.3,3
2026-07-03 18:20:00,7503.6,7503.9,7503.2,7503.7,7504.0,7504.3,7503.6,7504.1,18
2026-07-03 18:21:00,7503.8,7504.9,7503.7,7503.7,7504.2,7505.3,7504.1,7504.1,18
2026-07-03 18:22:00,7503.6,7503.6,7501.9,7502.0,7504.0,7504.0,7502.3,7502.4,18
2026-07-03 18:23:00,7502.3,7502.9,7502.3,7502.6,7502.7,7503.3,7502.7,7503.0,13
2026-07-03 18:24:00,7502.4,7502.7,7501.7,7502.0,7502.8,7503.1,7502.1,7502.4,15
2026-07-03 18:25:00,7502.1,7503.2,7502.1,7502.6,7502.5,7503.6,7502.5,7503.0,9
2026-07-03 18:26:00,7502.7,7502.7,7502.0,7502.5,7503.1,7503.1,7502.4,7502.9,10
2026-07-03 18:27:00,7502.2,7502.3,7501.7,7502.0,7502.6,7502.7,7502.1,7502.4,16
2026-07-03 18:28:00,7502.2,7502.2,7501.7,7502.0,7502.6,7502.6,7502.1,7502.4,10
2026-07-03 18:29:00,7501.9,7501.9,7501.7,7501.9,7502.3,7502.3,7502.1,7502.3,5
2026-07-03 18:30:00,7501.8,7502.2,7501.5,7502.2,7502.2,7502.6,7501.9,7502.6,22
2026-07-03 18:31:00,7502.3,7502.3,7501.4,7501.8,7502.7,7502.7,7501.8,7502.2,8
2026-07-03 18:32:00,7501.5,7501.6,7500.8,7501.4,7501.9,7502.0,7501.2,7501.8,15
2026-07-03 18:33:00,7501.7,7502.0,7501.7,7502.0,7502.1,7502.4,7502.1,7502.4,5
2026-07-03 18:34:00,7502.2,7502.9,7502.1,7502.9,7502.6,7503.3,7502.5,7503.3,8
2026-07-03 18:35:00,7503.4,7503.4,7502.4,7502.9,7503.8,7503.8,7502.8,7503.3,10
2026-07-03 18:36:00,7502.6,7503.0,7502.2,7503.0,7503.0,7503.4,7502.6,7503.4,10
2026-07-03 18:37:00,7502.8,7503.3,7502.8,7503.0,7503.2,7503.7,7503.2,7503.4,7
2026-07-03 18:38:00,7502.7,7503.3,7502.7,7503.2,7503.1,7503.7,7503.1,7503.6,7
2026-07-03 18:39:00,7503.4,7504.5,7503.4,7504.2,7503.8,7504.9,7503.8,7504.6,12
2026-07-03 18:40:00,7504.1,7504.6,7503.8,7504.3,7504.5,7505.0,7504.2,7504.7,6
2026-07-03 18:41:00,7504.6,7504.8,7504.5,7504.6,7505.0,7505.2,7504.9,7505.0,5
2026-07-03 18:42:00,7504.8,7505.1,7504.6,7504.9,7505.2,7505.5,7505.0,7505.3,6
2026-07-03 18:43:00,7505.0,7505.4,7504.7,7505.3,7505.4,7505.8,7505.1,7505.7,13
2026-07-03 18:44:00,7505.2,7505.9,7505.1,7505.5,7505.6,7506.3,7505.5,7505.9,12
2026-07-03 18:45:00,7505.8,7506.3,7504.4,7504.4,7506.2,7506.7,7504.8,7504.8,29
2026-07-03 18:46:00,7504.6,7504.6,7504.0,7504.5,7505.0,7505.0,7504.4,7504.9,6
2026-07-03 18:47:00,7504.4,7504.7,7503.4,7503.6,7504.8,7505.1,7503.8,7504.0,21
2026-07-03 18:48:00,7503.7,7503.7,7502.2,7502.2,7504.1,7504.1,7502.6,7502.6,18
2026-07-03 18:49:00,7502.3,7502.9,7502.1,7502.8,7502.7,7503.3,7502.5,7503.2,13
2026-07-03 18:50:00,7502.7,7503.5,7502.4,7503.3,7503.1,7503.9,7502.8,7503.7,16
2026-07-03 18:51:00,7503.0,7503.1,7502.8,7502.8,7503.4,7503.5,7503.2,7503.2,13
2026-07-03 18:52:00,7503.0,7503.4,7502.8,7503.3,7503.4,7503.8,7503.2,7503.7,31
2026-07-03 18:53:00,7503.4,7503.6,7502.9,7503.6,7503.8,7504.0,7503.3,7504.0,17
2026-07-03 18:54:00,7503.7,7504.0,7503.5,7504.0,7504.1,7504.4,7503.9,7504.4,6
2026-07-03 18:55:00,7504.3,7504.4,7503.2,7503.9,7504.7,7504.8,7503.6,7504.3,24
2026-07-03 18:56:00,7504.1,7505.1,7504.0,7505.1,7504.5,7505.5,7504.4,7505.5,15
2026-07-03 18:57:00,7505.0,7505.2,7504.6,7504.8,7505.4,7505.6,7505.0,7505.2,13
2026-07-03 18:58:00,7504.9,7504.9,7504.7,7504.7,7505.3,7505.3,7505.1,7505.1,5
2026-07-03 18:59:00,7505.2,7505.9,7503.6,7504.1,7505.6,7506.3,7504.0,7504.5,69
2026-07-03 19:00:00,7503.1,7503.1,7502.1,7503.1,7504.6,7504.6,7503.6,7504.6,3
2026-07-03 19:01:00,7502.1,7502.1,7502.1,7502.1,7503.6,7503.6,7503.6,7503.6,1
2026-07-03 19:02:00,7502.6,7502.6,7502.1,7502.1,7504.1,7504.1,7503.6,7503.6,4
2026-07-03 19:11:00,7501.0,7501.0,7501.0,7501.0,7502.5,7502.5,7502.5,7502.5,1
2026-07-03 19:17:00,7502.1,7502.1,7502.1,7502.1,7503.6,7503.6,7503.6,7503.6,1
2026-07-03 19:28:00,7503.1,7503.1,7503.1,7503.1,7504.6,7504.6,7504.6,7504.6,1
2026-07-03 19:29:00,7502.1,7502.1,7502.1,7502.1,7503.6,7503.6,7503.6,7503.6,1
2026-07-03 19:51:00,7503.1,7503.1,7503.1,7503.1,7504.6,7504.6,7504.6,7504.6,1
2026-07-03 19:52:00,7502.1,7502.1,7502.1,7502.1,7503.6,7503.6,7503.6,7503.6,1
2026-07-03 19:53:00,7503.1,7503.1,7503.1,7503.1,7504.6,7504.6,7504.6,7504.6,1
2026-07-03 19:55:00,7502.1,7502.1,7502.1,7502.1,7503.6,7503.6,7503.6,7503.6,1
2026-07-03 20:01:00,7503.1,7503.1,7502.1,7502.1,7504.6,7504.6,7503.6,7503.6,2
2026-07-03 20:04:00,7502.6,7502.6,7502.1,7502.1,7504.1,7504.1,7503.6,7503.6,6
2026-07-03 20:35:00,7503.1,7503.1,7503.1,7503.1,7504.6,7504.6,7504.6,7504.6,1
2026-07-03 20:47:00,7502.1,7502.1,7502.1,7502.1,7503.6,7503.6,7503.6,7503.6,1
2026-07-03 20:49:00,7502.6,7503.1,7502.1,7503.1,7504.1,7504.6,7503.6,7504.6,4
2026-07-03 20:50:00,7502.6,7502.6,7502.1,7502.1,7504.1,7504.1,7503.6,7503.6,2
2026-07-03 20:52:00,7503.1,7503.1,7503.1,7503.1,7504.6,7504.6,7504.6,7504.6,1
2026-07-03 20:56:00,7502.1,7502.1,7502.1,7502.1,7503.6,7503.6,7503.6,7503.6,1
2026-07-03 20:58:00,7503.1,7503.1,7502.1,7503.1,7504.6,7504.6,7503.6,7504.6,7
2026-07-03 21:00:00,7502.6,7503.1,7502.6,7503.1,7504.1,7504.6,7504.1,7504.6,2
2026-07-03 21:13:00,7504.2,7504.2,7503.1,7503.6,7505.7,7505.7,7504.6,7505.1,4
2026-07-03 21:14:00,7503.1,7504.2,7503.1,7504.2,7504.6,7505.7,7504.6,7505.7,3
2026-07-03 21:15:00,7503.6,7504.2,7503.6,7504.2,7505.1,7505.7,7505.1,7505.7,8
2026-07-03 21:28:00,7504.7,7504.7,7504.2,7504.2,7506.2,7506.2,7505.7,7505.7,2
2026-07-03 21:30:00,7504.7,7505.2,7504.2,7504.2,7506.2,7506.7,7505.7,7505.7,5
2026-07-03 21:31:00,7504.7,7504.7,7504.2,7504.2,7506.2,7506.2,7505.7,7505.7,6
2026-07-03 21:32:00,7504.7,7504.7,7504.7,7504.7,7506.2,7506.2,7506.2,7506.2,1
2026-07-03 21:33:00,7504.2,7505.2,7504.2,7505.2,7505.7,7506.7,7505.7,7506.7,3
2026-07-03 21:34:00,7504.7,7505.2,7504.2,7504.2,7506.2,7506.7,7505.7,7505.7,4
2026-07-03 21:35:00,7504.7,7504.7,7504.2,7504.2,7506.2,7506.2,7505.7,7505.7,2
2026-07-03 21:37:00,7504.7,7504.7,7504.7,7504.7,7506.2,7506.2,7506.2,7506.2,1
2026-07-03 21:38:00,7504.2,7505.2,7504.2,7505.2,7505.7,7506.7,7505.7,7506.7,5
2026-07-03 21:41:00,7504.2,7504.2,7504.2,7504.2,7505.7,7505.7,7505.7,7505.7,1
2026-07-03 21:43:00,7504.7,7504.7,7503.1,7503.1,7506.2,7506.2,7504.6,7504.6,5
2026-07-03 21:44:00,7504.2,7504.2,7503.1,7503.1,7505.7,7505.7,7504.6,7504.6,4
2026-07-03 21:45:00,7504.2,7504.2,7504.2,7504.2,7505.7,7505.7,7505.7,7505.7,1
2026-07-03 21:47:00,7503.1,7504.2,7503.1,7504.2,7504.6,7505.7,7504.6,7505.7,3
2026-07-03 21:48:00,7503.1,7504.2,7503.1,7504.2,7504.6,7505.7,7504.6,7505.7,9
2026-07-03 21:49:00,7503.6,7503.6,7502.1,7502.1,7505.1,7505.1,7503.6,7503.6,3
2026-07-03 21:50:00,7503.1,7503.1,7502.1,7503.1,7504.6,7504.6,7503.6,7504.6,3
2026-07-03 21:51:00,7503.6,7504.2,7503.1,7503.1,7505.1,7505.7,7504.6,7504.6,6
2026-07-03 21:54:00,7503.6,7504.2,7503.6,7504.2,7505.1,7505.7,7505.1,7505.7,2
2026-07-03 21:55:00,7503.6,7504.2,7503.1,7503.1,7505.1,7505.7,7504.6,7504.6,6
2026-07-03 21:57:00,7504.2,7504.2,7503.1,7503.1,7505.7,7505.7,7504.6,7504.6,7
2026-07-03 21:58:00,7504.2,7504.2,7503.1,7504.2,7505.7,7505.7,7504.6,7505.7,3
2026-07-03 21:59:00,7503.1,7504.2,7503.1,7504.2,7504.6,7505.7,7504.6,7505.7,9
